1.4017,1.2559,1.2768,1.0253,1.2876,1.4502,1.2848,0.9463,0.99339,1.5388,1.2022,1.1086,0.50463,1.1309,1.5338,1.1008,0.31573,1.0062,1.1865,1.56,0.97366,0.84374,1.1034,1.1366,0.94726,1.3077,1.2697,0.40903,1.1309,0.9959,1.133,0.8946,0.7589,0.35471,0.975,0.66261,0.22446,0.82941,0.82486,0.821,0.64981,0.67421,0.49738,0.44989,0.52078,0.35835,0.81412,0.5221
-0.92884,-0.8277,-0.89953,-1.5978,-1.4727,-1.4146,0.16658,-1.7769,-1.3599,-0.80309,-0.8232,-1.667,-1.9496,0.16566,-0.81799,0.17129,0.42204,0.030708,-1.9621,-2.0014,0.16622,-1.6879,-1.1635,-1.7004,-3.0966,-2.2762,-0.93075,-1.3767,-0.46116,-1.046,-1.0762,-1.8434,-1.2955,-0.43187,-0.40661,-0.052098,-0.48868,-0.29256,-1.1473,-2.3976,0.015955,-1.9104,-1.1471,-1.5321,-1.4202,-1.5053,-1.8032,-2.4876
-0.57247,-0.2876,-0.47907,-1.0207,0.6557,-0.10915,0.61,-0.060845,0.50776,0.22744,-0.40961,0.19487,0.17772,0.085946,0.22239,0.34883,0.50198,0.47287,-0.68417,-0.042631,1.1417,0.011955,0.4168,0.271,0.45162,0.18398,0.31552,-0.29276,0.028289,-0.56012,-1.3741,1.115,0.50805,0.29654,-0.30419,0.2888,0.67173,0.27707,-0.65542,0.71825,0.048997,0.21296,0.80944,-0.025195,0.58656,0.76073,-0.18712,1.1303
-0.75554,-0.53158,-0.76141,-0.28076,0.65507,-0.55037,-0.51909,0.35143,0.10689,-0.49273,0.1538,-0.2534,-0.018594,-0.26401,-0.548,-0.39054,0.22026,-0.45346,0.53604,-0.433,1.0686,-0.36493,0.3436,-0.59217,-0.13492,0.39183,0.58538,-0.15411,1.3837,0.75683,-0.14239,0.26881,-1.122,0.17695,-0.053263,-0.46483,0.28349,0.54181,-0.48671,1.1451,0.24543,0.4893,1.2378,0.82063,-1.1471,0.65373,0.32205,-0.41345
-0.96965,-1.0018,-0.60418,-1.4055,-0.786,-1.0627,-1.2146,-1.3105,-1.5767,-1.2021,-0.91551,-1.714,-1.2032,0.015151,-1.0758,-1.427,-0.69045,-1.6952,-1.0403,-0.944,-1.3813,-0.03351,0.0040005,-2.3039,-1.0573,-1.2099,-2.2026,-0.88258,-0.17126,-1.084,-0.80642,-1.3928,-0.63115,-0.28702,-0.063269,-2.7462,-0.7025,-1.1004,0.18021,-0.1071,0.37045,-0.65886,-0.27184,-0.80626,0.56414,-0.3403,-1.4857,-1.8681
1.439,1.4859,1.603,1.4425,1.2726,1.1823,1.312,1.1329,1.4179,0.83113,0.99687,1.3867,1.4496,1.2162,1.2745,0.89554,0.51149,1.29,0.8697,0.90947,0.23484,0.87587,0.57496,0.69571,1.1978,1.1838,1.3052,0.92328,-0.1781,0.95102,1.2308,0.63973,-0.0011829,0.74517,0.84953,1.254,1.3601,0.39185,0.63539,0.92965,1.189,1.0559,1.172,1.0639,0.4059,0.033172,0.41674,0.96707
1.3627,1.3024,1.1594,1.2826,0.81717,0.98125,0.87153,0.98526,0.96518,1.5816,0.86192,0.93241,1.135,1.4271,0.61195,0.74037,0.88463,0.63868,1.0339,0.95642,1.372,1.0887,1.2676,0.86063,0.50176,0.70737,0.68602,1.0098,0.89033,1.0448,0.43283,-0.30407,1.1026,0.52459,1.1588,0.81155,1.019,0.097965,-0.26394,-0.20181,0.76062,-0.22245,0.66152,0.61594,0.90877,1.1467,0.88737,0.6406
-0.52567,-0.73123,-0.73858,-0.3444,-0.011105,-0.79326,-0.34264,-0.0304,-0.74375,-0.81895,-0.75851,-0.32664,0.3427,-0.96134,-0.41244,0.018477,-1.2324,-0.27959,-0.30122,-0.44145,0.91811,-0.46351,0.31593,-1.3075,0.30954,0.47804,-0.83813,0.11176,0.59992,-1.2801,0.27535,0.029353,-0.82801,-0.80441,-0.3899,-1.0845,-0.23144,-0.5819,0.9196,0.91216,0.40612,0.18508,1.2378,-0.63925,-0.54351,0.45045,0.85853,0.55843
-0.98245,-1.0866,-0.22082,-1.3284,-0.88256,-0.85317,-1.0426,-1.6046,-0.77533,-1.4872,-0.22221,-0.74969,-0.8276,-0.70652,-1.3335,-0.93102,-1.5002,-1.0416,-0.57998,-0.27469,-1.0099,-0.50282,-0.65798,-1.5387,-1.6471,-1.2235,-0.56388,-1.3986,-0.082656,-0.044281,0.18942,-0.54703,0.095633,-1.2689,0.66184,-0.37286,-0.43336,-0.17336,0.24865,-2.0201,-0.6629,-2.8086,-1.2241,-0.43124,-1.5318,-0.46068,-0.79184,-0.65047
-0.36651,-0.65371,-0.291,0.64476,-0.2234,-0.071553,-0.25778,0.83493,-0.07878,-0.50391,-0.90947,0.513,0.74046,0.071115,-0.78774,0.77326,-1.6269,1.3812,0.06717,-0.19183,-0.46562,0.094263,-0.041174,0.029086,1.0438,0.96021,0.54699,0.059332,0.013424,-0.6497,0.21805,-0.56703,0.1343,1.4501,-1.5415,0.80586,0.54474,1.024,0.17898,0.22176,0.87758,0.35946,0.66901,0.64103,0.27583,0.49859,-0.81012,0.6406
-0.89809,-1.1261,-1.0794,-1.6073,-1.5017,-1.4556,-1.092,-0.88068,-1.3946,-1.0309,-0.086666,-2.0963,-1.3576,-0.64218,-1.5771,-0.28781,0.5428,-0.50027,-2.0903,-0.61044,-0.77287,-2.6699,0.55571,-1.354,-1.7715,-1.1339,-1.3139,-0.35005,0.97609,-2.0683,-0.029093,-0.66394,-1.502,-1.9444,-2.7979,-1.8821,-1.7891,-0.37862,-2.0797,-1.8378,0.57105,-0.63555,-0.77481,-3.5048,-2.8206,-0.80149,-0.059766,0.048072
1.3913,1.4148,1.4039,1.2638,0.77055,0.70256,1.0724,1.1101,1.2307,1.0949,0.45895,0.43169,0.52009,0.91659,1.4294,1.0871,0.055704,-0.021738,1.2158,0.97923,0.58336,0.87094,1.2035,1.3201,1.2446,1.0046,0.52305,1.1043,1.0947,0.30132,1.0715,1.1322,1.0079,1.2441,0.59861,0.42972,0.37415,0.63043,0.34646,0.35517,0.57912,0.4237,0.88057,1.3323,1.1328,1.3019,0.46115,1.0118
1.1484,1.2253,1.243,1.1467,0.43351,0.47009,1.1101,1.4354,1.4169,1.2431,0.73689,1.4796,1.2629,1.1888,0.45583,1.1694,0.37389,1.4721,1.2103,1.103,1.123,1.2104,1.2846,1.3294,0.55301,0.34458,1.1742,0.49513,0.82711,0.52234,0.71404,1.0584,1.1285,0.76349,1.0003,1.0131,0.077548,0.70733,0.73486,0.2554,0.67982,1.0161,0.9205,0.47497,0.79389,1.0766,0.93178,0.80384
1.3923,1.4878,1.2492,1.2188,1.3489,1.3485,1.0392,0.97123,1.2291,1.4959,0.85497,1.1318,0.85669,1.4313,1.2637,1.3721,0.54376,1.3742,1.2408,1.2819,1.2874,1.0613,1.5284,1.3404,0.62093,1.0046,1.0442,0.92189,1.2843,0.61421,1.1722,0.82073,1.3775,0.76349,0.79753,0.79187,0.79526,0.54295,-0.058779,0.40097,0.015955,0.97637,0.79544,0.84571,0.5923,0.6481,0.56324,0.92234
-0.6096,-0.32183,-0.5401,0.38125,-0.084938,-0.00023219,-0.035886,-0.018149,0.12397,-0.51257,-0.54169,0.65281,0.42634,0.29389,-0.14049,-0.025591,0.24733,0.44428,-0.55087,0.93201,0.28646,0.58211,-0.72515,0.47448,0.44354,0.59082,0.79217,0.55257,0.68201,-0.081347,0.063052,0.48472,-1.691,0.26146,-2.4734,0.96815,-1.2177,-0.0040615,0.31543,0.65261,-0.52322,0.36472,0.60316,0.61594,-0.13085,-0.34357,0.011021,0.32981
-0.70229,-0.48023,-0.59927,0.61714,-0.012065,-0.54136,-0.57137,0.19198,0.091966,-0.49706,-1.0453,-0.028736,0.3922,-0.3654,0.13042,0.3734,0.22226,-0.54846,-1.2731,0.10037,0.034637,-0.54817,-0.12654,-0.6078,-1.0193,-0.1295,0.30449,0.50845,0.88114,0.82156,0.64078,-0.15699,0.13629,0.19355,0.34617,1.0025,1.0721,0.42972,0.73013,0.25798,-0.22059,-1.2224,0.85464,0.34755,-0.49642,0.6481,1.1671,-0.49973
-0.89506,-0.88727,-1.1353,-1.0265,-0.86845,-1.1041,-1.4529,-1.0221,-1.4659,0.39259,0.49523,-1.0652,-0.73845,-0.93033,-0.63473,-1.081,-0.97394,-1.9838,-1.1736,-0.37516,0.13564,-1.4155,-1.5724,-0.53516,-1.6407,-0.23107,-1.1488,0.31069,-2.1999,-0.23524,-0.54937,-1.8913,-0.43045,-0.60286,-2.7979,-1.7715,0.41763,-1.1736,-0.64061,-0.34403,1.0173,-1.1886,-1.9117,-2.594,-1.5785,-0.0758,0.45281,-0.13084
-0.49191,-0.68795,-0.44465,-0.73207,0.27712,-0.7914,0.17365,-0.65401,-0.092921,-0.80301,-0.11429,-0.015504,-0.82239,-1.1138,-0.099623,0.44216,0.8099,-0.68413,-0.11355,0.67391,0.15826,0.19959,-0.42583,0.11541,1.0574,-0.20098,1.0553,-1.1887,0.6561,0.028408,-2.3832,-0.44356,-0.28899,-0.34963,0.72021,-0.32407,0.1428,-0.7926,0.63341,0.58809,0.54707,0.77957,-0.77197,0.47497,-0.28335,-0.079456,0.12868,0.18971
-0.83376,-0.54056,-0.73327,0.16552,-0.99893,-0.4438,-0.57075,0.45148,0.31142,-0.62883,-0.70153,-0.41171,0.42833,-0.26858,0.29446,0.4582,0.38966,0.17288,0.098863,0.14201,0.66366,0.41401,-0.32497,-0.13518,0.2943,0.81325,0.017288,-1.242,0.91419,0.94704,0.95494,0.97869,0.98196,1.0061,0.68465,0.82218,-1.462,-0.21238,0.86062,0.39618,0.076877,0.19155,0.81472,0.20658,-0.41917,-0.62769,0.52852,-0.076351
-0.84301,-0.777,-1.1163,-0.55928,-1.4054,-1.1988,-0.99451,-1.9297,-1.4153,-1.5908,-1.1482,-1.667,-1.0519,0.23787,-1.4397,-1.3638,-1.7955,0.15638,-0.49338,-1.6109,-0.20132,-0.89108,-1.4825,-0.91172,-2.2206,-1.0623,-1.2708,0.17274,-0.48114,-1.7455,-0.11365,-0.9408,0.041609,-1.2689,-1.3806,0.030813,0.57693,0.24362,-0.27402,-2.7782,-1.1954,-0.59578,0.15548,-0.021873,0.62992,-0.4987,0.69646,-1.8681
0.072704,-0.41145,-0.10171,0.46968,0.186,-0.34723,0.12652,0.36062,-0.1327,-0.014447,0.46757,0.33867,0.45059,-0.15817,0.12227,1.0955,1.1918,0.41124,0.73867,0.2996,0.057877,0.51876,0.61353,0.1149,0.18301,0.21271,0.28484,1.3455,0.81874,-0.17051,0.083414,0.38297,0.04216,0.26832,0.49696,0.36851,0.53938,0.63415,0.5049,0.79748,-0.57763,-0.10178,0.85464,0.98669,0.33439,-0.89546,0.19699,-0.62663
1.4596,1.4384,1.2779,1.4066,1.4085,1.3745,1.6158,1.0948,1.0266,1.2336,1.5942,0.94976,1.1093,1.0967,1.3891,0.96356,1.0374,1.2917,1.4275,1.107,1.3154,1.1927,1.3832,1.424,0.83876,0.41945,0.73979,1.1752,0.59809,1.3196,0.5221,0.95214,0.66079,1.2257,0.41577,0.86816,0.57157,0.52565,1.28,1.1813,0.68675,1.372,0.88057,0.71829,0.83725,0.42847,1.2559,0.16658
1.2458,1.2337,1.5481,1.1312,0.88691,1.0589,1.1974,1.1111,1.073,0.34815,0.45169,0.88192,1.3242,1.0709,1.263,0.99213,1.0859,0.61472,1.4892,1.2191,1.4024,0.45144,0.51897,0.17087,1.3353,1.1139,0.88001,0.77742,0.61043,1.171,1.4169,1.1853,0.82764,1.2257,1.3719,1.0131,0.67777,0.56353,0.63539,0.68404,0.64981,1.2925,0.88057,0.48852,0.99549,0.47098,-0.069461,0.51618
-0.96984,-0.84252,-0.62169,-1.4717,-1.4972,-1.1506,-1.0752,-1.7284,-0.42468,-1.1317,0.24424,-1.6416,-1.8191,-1.4831,-0.61889,-1.3887,-1.3686,-1.4627,-1.701,-0.66877,0.21538,-1.5039,-1.5724,-1.5921,-1.3572,-2.8317,-1.3943,-1.2855,-1.8723,-1.3692,-1.4329,-1.8434,-1.0274,-0.64351,-1.245,-1.6465,-1.9597,-0.23739,-1.0168,-1.3486,-2.6905,-0.86959,-1.9117,-0.745,-1.3769,-2.7349,-1.0716,-1.8681
-0.78669,-0.37983,-1.0833,-0.55653,-1.3406,-0.06668,-1.7387,-0.6161,-1.2633,0.17662,-1.0958,-0.60155,-1.4236,-0.59242,-1.3346,-1.0305,-2.4459,-0.66478,-1.8344,-0.15968,-0.8157,-0.80768,-1.56,-0.73956,0.55887,0.16788,-1.4558,-0.14688,-1.3811,-0.9791,-0.50041,-0.50167,-0.042537,0.057042,-1.1411,-0.092107,-0.2537,0.33225,-1.2564,-0.26155,0.77972,-1.0793,-0.056074,0.57221,-0.91737,-0.18516,-0.9219,-0.36401
-1.012,-0.98975,-0.61107,-1.338,-1.1159,0.90849,-1.986,-1.1265,-1.315,-1.2101,-0.283,-1.3695,-1.6233,0.29395,-1.5606,-2.0536,0.55509,-1.2021,-1.8344,-1.6584,-1.9281,-0.16387,-1.5724,0.098547,-0.54018,-1.5931,-2.2026,-1.6799,-0.77022,-0.07934,0.51855,-1.8434,-2.6416,0.29038,-0.48617,-1.6465,-0.65927,-2.0389,-0.67864,-2.0201,0.24734,-0.9381,-0.86681,0.38617,-0.22331,-2.7349,-0.68659,0.35886
1.4208,1.308,1.2822,1.3304,0.90048,1.3049,0.92023,0.96422,0.90444,1.3921,0.78033,1.027,1.3037,0.75163,1.0354,1.0885,1.0144,1.2563,0.96186,0.71259,0.89794,0.27248,1.5587,0.88988,1.0317,0.99342,0.66281,0.23626,1.5217,0.91207,0.2845,1.0052,1.1251,0.64218,1.5746,0.32572,0.17661,0.75808,0.24193,-0.12771,1.0542,0.7206,0.49738,0.6932,1.1385,0.58361,0.97619,0.53778
-0.95939,-0.9508,-0.99505,-1.793,-1.0735,-0.89511,-0.62952,-1.9699,-1.1534,-0.75683,-1.933,-1.6233,-0.93042,0.64907,0.39598,-0.88234,-0.97049,-1.3973,-1.5339,-0.6663,0.50498,-1.8326,-2.0903,-1.2536,-1.6407,-1.6139,-1.0143,0.029744,-2.3896,-2.0683,-2.3123,-2.1083,-1.2427,-0.51906,-1.7253,-1.2639,-2.0422,-2.2104,0.21596,-1.7418,-2.6905,-0.88606,-0.56325,-1.8391,0.14799,-2.7349,-1.9563,-0.64575
1.461,1.2945,1.3228,0.82555,1.2652,1.3295,1.6416,0.97399,1.0916,1.6062,0.82247,0.9245,1.2349,1.2293,1.389,1.1837,1.2816,1.447,0.57009,0.41951,1.11,1.1078,1.3295,0.18695,0.74485,0.57965,1.0413,0.51591,1.3953,0.96824,0.61702,0.54282,0.88728,1.1792,0.77707,0.77219,0.96586,0.18845,0.74739,0.66531,1.1151,0.5894,0.60316,0.87923,0.52078,0.15508,-0.23153,-0.53196
-0.65125,-0.42094,-0.8463,-0.32722,0.11293,0.31256,-0.59998,0.28045,-0.17828,-0.4905,-0.89029,0.24364,-0.70829,-0.00042885,-0.35586,0.33277,1.0745,-0.39243,0.51741,0.080394,-0.57253,0.68845,-0.48603,0.09442,0.52876,0.54936,0.38428,-0.63099,-0.65714,0.25026,-0.55902,-1.0433,0.6762,1.3005,0.17257,-0.92389,0.69442,0.33225,-2.5346,0.2561,1.3478,0.69477,0.98635,0.85926,-0.17662,0.87898,0.4084,0.77479
-0.58387,-0.47791,0.034092,0.61102,0.49577,0.58834,-0.35247,0.70883,-0.2175,0.099853,-0.21194,0.55148,-0.38175,0.54244,-0.053749,0.36923,0.5839,0.66975,0.68049,0.90158,0.69303,0.42988,0.13404,0.97126,0.84627,0.82719,1.1695,-0.36532,0.21795,-0.0806,0.5474,0.72733,-0.078465,-0.18923,0.65798,-0.1324,1.019,1.4498,0.64012,0.85721,1.0542,0.6528,0.034341,0.23166,0.14799,0.58361,0.81412,0.96707
1.2188,1.2779,0.93311,0.41105,1.1507,1.3509,0.6247,0.44997,0.66645,1.4696,0.46437,0.50495,0.9753,1.2477,1.3586,0.90606,0.86817,0.51239,0.65275,1.3865,0.87075,1.1099,1.4024,1.2778,0.17034,1.3466,0.78858,0.87192,0.35152,1.1742,0.71964,0.86805,0.46799,0.79545,0.68465,0.59526,-0.16556,1.1505,0.42866,0.94047,0.62583,0.7398,-0.56325,0.61594,0.017916,0.80886,0.69646,0.68533
-0.17301,-0.45861,-0.2128,0.49477,-0.059775,-0.17095,0.10625,0.4421,0.18254,-0.22595,-0.5287,-0.22418,0.30096,0.69411,-0.92913,0.51837,-0.63983,0.2829,-0.024813,0.48109,0.52393,-0.6831,0.051863,0.16931,-0.5089,-0.90065,0.57196,0.35905,0.13433,-0.86763,-1.1471,0.88962,-0.2307,-0.54956,-0.91149,1.0828,0.57693,-0.20304,1.0548,0.42449,0.012061,1.042,0.21997,0.63592,-1.4516,0.15508,0.65205,0.27917
1.3868,1.3588,1.533,1.3174,1.4765,1.2956,0.90993,1.0796,1.0803,0.44165,1.2414,0.4868,0.44665,0.65971,1.5452,1.391,0.63103,1.0283,0.97574,-0.25809,1.4643,0.11468,1.126,1.1234,0.63071,1.0841,0.5027,0.88206,1.134,0.77405,1.4436,0.041255,0.66422,0.87022,0.45619,1.1934,1.1364,0.88458,1.0548,0.37266,1.4216,1.372,0.2459,0.35909,0.29103,0.80324,-0.015357,0.6406
-0.66477,-0.53324,-0.66845,-0.3618,-0.84963,-0.25426,-0.089187,-0.39374,-0.86138,-0.41387,-0.59578,-0.51047,-0.2807,-0.068214,-0.48046,-0.00090984,-0.68806,-0.73302,0.53025,-0.20329,0.50745,-0.03708,0.3352,0.36209,-0.67649,-0.33385,1.191,0.49638,0.34836,0.53207,-1.3868,-0.36455,-0.52592,1.1975,0.84405,-1.7689,0.5168,1.2391,0.68842,-1.0854,-0.24068,1.4376,0.96042,-1.4297,0.12465,0.30786,0.12868,0.68533
-0.56002,-0.45088,-0.65139,-0.045633,-0.83646,-0.28771,0.14221,-0.46499,-0.61794,-0.20291,0.10257,-0.32486,0.30458,0.73423,0.69873,0.16825,-0.34762,0.37893,0.078426,0.71941,1.1044,0.40921,-0.034648,0.80572,-0.10659,-0.029957,1.0361,0.58896,0.97489,0.66045,0.032872,0.45816,-0.99143,-0.61529,-0.13187,0.53231,0.46647,0.037342,1.1263,0.66531,-0.32262,0.61523,-0.73763,-1.0109,-0.10843,1.0341,0.13114,0.019025
1.3725,1.2473,1.3267,1.009,1.384,1.0815,1.0033,1.042,1.1888,1.4441,1.4293,1.3642,1.3041,1.1279,1.5937,1.042,0.57601,1.0811,1.1615,1.0099,1.4736,1.1768,1.1829,0.97718,0.3262,1.3122,1.1013,0.81322,1.0154,1.0456,0.61984,0.86805,0.81168,1.1472,1.3135,0.72323,1.307,1.2508,0.67588,1.1089,0.54707,0.72586,0.16605,0.82063,0.90877,1.3019,0.97619,1.0118
-0.30682,-0.71561,-0.31261,-0.21498,0.42316,-0.76887,0.10662,-0.24043,0.26378,-0.67311,-0.65692,0.60941,0.028793,0.16204,0.57578,-0.7452,1.2492,0.033269,-0.20458,-1.0038,0.50707,-0.22544,-0.0083343,0.049326,0.1576,-0.0091229,0.34941,-0.2813,0.65715,0.60752,0.098406,-0.7393,0.60458,-0.0015708,0.39045,-0.45659,0.56028,0.51392,0.58115,-0.2707,-0.64711,0.33669,-0.42205,0.42909,0.95213,-0.30471,0.3879,0.92234
-0.9478,-0.9353,-0.74102,0.56069,-0.022743,-1.44,-0.85746,-0.82177,-1.2329,-0.29779,-0.83824,0.048828,-1.4946,-0.98872,-0.28768,-1.1864,-1.32,-1.5019,-0.16059,-2.1698,-0.91404,-0.18853,-0.75749,-0.45038,-1.7826,-2.8317,-0.48758,-1.8282,-2.009,-1.084,-1.4844,-2.249,-0.34795,-2.1652,-1.8481,-1.5242,-1.6648,-1.0317,-0.0092623,-2.7782,-0.59928,-0.011715,-1.3986,-0.90861,-2.0767,-0.30106,-1.8032,-1.0091
-0.31052,-0.85933,-0.21242,0.95351,0.20099,-0.68076,0.022213,0.81488,-0.88761,-0.85417,-0.089986,0.24779,-0.41943,0.16024,-0.39244,0.65354,0.017375,0.18407,0.79416,0.43578,0.49687,-0.33286,-0.20692,0.91399,0.047548,-0.65007,0.72394,-0.12899,-0.61586,0.44393,1.0353,0.66572,0.68673,-0.18923,0.92686,0.39941,0.93366,0.99493,-0.89168,0.10353,0.52797,0.54963,0.049705,-0.080476,0.28529,0.084963,0.62322,0.47145
-0.73735,-0.62188,-0.70281,0.54543,0.12141,-0.71169,-0.11165,0.35336,0.11097,-0.43897,-0.73474,-0.43511,-0.58483,0.12146,-0.22372,0.91332,0.22959,0.19145,0.1159,-0.0006194,-0.44324,-0.7173,-0.32159,0.20719,0.69576,0.5035,-0.024984,0.50548,0.35101,0.57339,0.64662,0.56006,-0.1982,-0.24567,0.84405,0.29037,0.77793,0.24805,1.1496,0.25443,0.36919,-0.65787,1.172,-0.47712,-0.010241,-0.29543,0.81412,0.25604
-0.56287,-0.32088,-0.46283,0.21839,0.5076,-0.014298,0.061554,0.26665,0.52438,0.37314,0.26112,0.45807,-0.65981,-0.18497,-0.019105,0.70684,0.77108,0.10996,-0.038506,0.62769,0.75221,0.13792,-0.59474,0.63802,0.38852,0.2284,-0.38334,0.26651,0.67429,0.41159,-0.063879,0.88962,0.53673,0.17695,0.94581,0.63126,0.2281,0.4749,0.44119,0.73774,1.4456,0.31969,0.41004,0.27029,0.98028,-0.72762,-0.48011,0.68533
1.2367,1.15,1.2109,0.73421,0.82216,1.3753,0.97224,1.0588,1.0194,1.3675,1.0515,0.94066,0.881,0.97687,1.1152,0.93099,0.3236,0.63092,0.99042,0.92595,0.99289,1.6863,0.99526,1.0704,1.1477,1.5458,0.42584,0.43401,0.39375,1.2357,0.67695,1.1272,1.3088,1.048,0.17832,0.58127,0.98676,0.90631,0.88384,0.54229,0.14686,1.1871,0.3324,0.74337,1.2968,0.65373,0.81412,0.18226
1.4568,1.4635,1.5777,0.93187,1.361,0.97687,1.1783,0.72574,0.77763,1.1859,1.0633,1.1984,1.1553,1.3728,1.3592,0.65403,0.37339,0.58002,1.0292,0.54801,0.98803,1.0762,0.68172,0.76287,1.0227,0.48658,1.0186,0.59226,0.29219,1.0203,0.46259,0.46895,-0.32315,0.65894,1.0231,1.254,0.095569,0.65216,-0.17551,0.41367,1.5804,0.067826,0.98635,0.0083231,0.90877,0.036828,0.69646,-0.42442
-1.069,-1.0473,-0.0083748,-1.9542,-1.4326,-0.56939,-1.4895,-2.1895,-1.7704,-1.2457,-1.3073,-2.0414,-1.5269,0.41106,-1.6923,-2.2353,-2.7034,-1.5603,-1.2755,-1.1388,-0.034712,-2.5639,-2.0889,-2.0005,-2.0319,-2.2762,-1.6086,-2.6098,-2.61,-1.9389,-0.42006,-1.2222,-2.2008,-2.5538,-0.11203,-2.5787,-2.6416,-1.4521,0.27494,-2.3017,0.48615,-1.7632,-1.9742,-2.594,-2.6065,-2.525,-1.599,-2.3691
1.3953,1.4527,1.4813,1.2116,1.089,1.0705,1.2196,1.3862,0.91371,1.3102,1.5223,1.082,1.3765,1.1823,1.1139,1.1748,0.95955,1.3342,1.1696,1.2009,1.3075,1.4305,0.98483,1.3177,0.81758,1.1494,0.98782,0.93865,0.16062,0.96824,0.97372,0.28605,1.0304,0.91304,0.79753,0.81155,1.0399,1.2725,0.50963,0.77396,0.4541,0.43558,1.2778,0.6024,1.455,0.65373,0.93178,0.38791
1.2792,1.1882,1.1267,1.0944,1.2607,1.549,1.5178,1.4114,1.1961,1.2017,1.3123,1.1102,0.88871,0.7205,1.1208,0.87523,0.7443,0.6836,1.3797,0.89779,0.50432,1.0987,1.0656,1.2366,0.98002,0.30861,1.4765,1.0395,0.88114,0.60106,0.70373,1.1495,0.020536,0.97321,1.3135,1.0631,1.1364,0.066368,0.42866,0.88073,0.58889,0.020589,-0.26985,0.92297,0.72237,0.35273,0.85853,0.71438
1.4665,1.5091,1.2065,1.1275,1.166,1.4775,1.6334,1.3699,1.3276,1.2848,1.2458,1.0433,1.0775,1.1444,0.47867,0.89038,0.69767,0.64509,1.0574,1.1474,1.0717,0.59357,1.3487,0.6702,0.74059,0.93207,1.0401,1.0903,0.75991,1.4055,1.5588,1.176,0.60746,0.68872,0.63265,0.57558,0.016316,0.54295,0.96009,1.4094,1.189,1.2269,1.0921,0.59729,0.67902,0.80886,1.2115,0.61155
-0.81528,-0.31716,-0.74985,0.41952,0.20683,-0.071359,0.27273,0.60038,-0.31499,0.50161,-0.41223,-0.091975,-0.35645,0.035748,0.30228,0.072233,0.8595,0.61243,0.021819,0.76709,0.26639,-0.027343,0.0044562,0.15135,0.95151,0.12103,-0.38049,0.32659,0.40427,0.42016,0.4751,-0.66894,0.27431,-0.56789,-0.66777,0.77219,0.67777,0.60255,0.96009,-0.12841,0.62583,-0.74092,-0.88166,0.59086,0.29103,-0.2622,-0.62977,-0.33649
-0.9222,-1.0789,-1.2903,-1.7064,-1.0981,-1.0257,0.27156,-1.3942,-0.50485,-1.2353,-2.1919,-1.9683,-1.4986,-0.49893,-1.7733,0.13335,-1.727,-1.8463,-0.99289,-1.6444,-1.8509,-2.2693,-1.0401,-2.7642,-1.0193,0.68698,-1.1236,-1.015,-1.0477,-1.6075,-2.2413,-1.1442,-1.1863,-2.1652,-0.48394,-1.4245,1.0678,-2.0331,-2.3482,-1.6459,-2.6905,-1.4729,-1.617,-2.594,-2.167,-1.28,-1.8032,0.27917
-0.88856,-0.9584,-0.67596,-0.43181,-0.24433,-0.22566,-0.046481,-0.94426,-0.14242,-0.35632,-0.28287,-0.23978,0.3565,-0.48584,-0.29329,-0.47999,-0.061379,-1.7146,0.55862,1.2934,0.91082,0.28095,0.52215,-0.85389,-0.55553,0.21399,-0.49265,-0.28791,0.48633,1.1855,-0.014327,0.61317,0.068992,-1.0722,0.47107,-0.91418,-0.1306,0.85113,-0.59967,1.0618,-1.0303,-0.41788,-1.1183,0.28812,-0.54435,0.80088,-0.23153,-1.1079
-0.43953,-0.32029,0.20876,-0.15348,-0.49143,-0.03107,-0.19821,-0.02631,-0.31812,-0.11158,0.0055843,0.091966,0.59729,0.088714,0.65064,0.60992,0.18013,0.57062,0.18556,0.57923,1.0913,0.73407,0.4323,0.2257,-0.49064,0.31851,-0.077106,0.31538,0.59544,0.09159,0.60014,0.16824,0.39926,0.79545,0.27908,-0.032414,0.79101,0.636,0.34338,0.53314,1.0173,0.655,-0.22771,-0.10045,0.13279,0.46536,-0.67332,0.27917
-0.55831,-0.58595,-0.45797,0.058326,0.69676,-0.64478,-0.29725,0.63188,-0.10386,-0.11109,0.091937,0.37491,-0.25468,-0.48629,0.024186,-0.15813,1.0349,-0.49796,-0.63541,-0.20211,-1.1169,0.70092,0.17809,0.39424,0.35101,0.22796,0.017898,0.33161,0.46077,-0.44966,0.18378,0.24358,0.84448,-0.18923,0.47163,-0.35764,1.3601,0.0083156,0.96009,0.56936,0.81461,-0.43319,0.78879,0.9616,0.0097766,0.21812,0.019357,-0.41345
-0.19026,-0.82585,-0.30849,-0.85356,-0.1017,-0.96533,-0.73694,-1.1294,0.1628,-0.91566,-0.62297,-0.10718,-0.68172,0.14584,-0.91277,-0.4385,0.49364,-0.090978,-0.94796,-0.90883,-0.75348,-0.37264,-0.2893,0.61217,0.24768,-1.8819,1.2837,0.88537,-0.32128,0.3653,-1.8186,0.1719,0.22586,0.14084,-0.40885,0.82723,0.26092,-0.22411,1.0906,-0.30691,0.38624,-0.40736,0.59567,-0.12421,-2.167,0.38034,-0.27212,0.39767
-0.47475,-0.48691,-0.44672,-0.55928,-0.41104,-0.46246,-0.23162,0.23473,-0.15874,0.38666,-0.38319,0.12721,0.66052,-0.44271,-0.10004,0.19199,0.57674,1.1649,0.70121,0.26846,-0.11707,-0.90915,-0.21174,0.48354,-1.264,-0.084109,-0.3817,-0.24278,-1.1007,0.3486,-0.02161,0.14351,-0.38909,0.42948,-0.13187,0.084815,0.27745,0.91175,0.63539,0.14454,0.82154,-1.3278,0.72959,-0.54032,0.44926,-0.10706,0.60765,-0.48636
1.4931,1.554,1.5242,1.1704,1.4593,1.7347,0.66009,0.78919,1.3712,1.2176,0.5194,1.1204,1.0033,1.0136,0.75289,0.85509,1.0399,1.2131,1.3406,1.0327,0.52102,0.7825,0.85512,0.80145,0.68268,1.391,0.77983,0.40657,0.85413,0.88764,1.2482,0.91185,0.21676,0.29221,1.207,1.3803,-0.18173,0.67388,0.35119,0.74856,0.52797,0.36999,0.70894,-0.33222,0.40017,0.27333,0.32205,0.11593
1.4164,1.396,1.1604,1.1929,1.3283,1.1927,1.4702,0.87251,1.1808,0.75221,1.2602,0.19367,1.176,1.2731,0.96961,1.1408,1.0532,0.62401,0.85421,1.3725,-0.16885,1.2773,0.74773,0.3044,0.86835,0.77654,0.25917,0.92658,0.9205,0.74503,1.2749,0.77693,0.91322,0.26216,0.28007,-0.013319,0.98676,-0.15062,0.59765,0.35996,0.9194,0.79146,1.172,0.21812,0.36254,0.87898,1.0938,0.96707
-0.69671,-0.81459,-0.85437,-0.94554,0.57425,-0.78907,-1.1808,-0.50715,-0.083764,-0.67098,-1.1302,-0.86533,-0.44177,-1.1839,-1.18,-0.30198,-0.46159,-1.0996,-0.88548,-0.11552,-1.2723,-0.9138,0.76056,-0.87402,0.098508,-0.62886,-2.7134,-0.49859,0.66762,-1.5958,-0.89707,0.25436,-1.5016,-0.80441,0.68941,-1.4556,0.91275,-0.9364,0.96009,0.67613,-1.1954,-2.8086,0.59788,-0.38239,-0.95592,0.19523,0.17555,0.92234
-0.33916,-0.65819,-0.27746,-0.73622,-0.12468,-0.74626,-0.67693,-0.033716,0.6042,-0.70506,-0.23052,0.1259,-0.44145,-1.2625,-0.11131,-0.24768,-0.76098,-0.74221,-0.49376,0.59931,-0.7492,0.038396,0.20005,0.9946,0.36326,0.25333,0.2706,-1.3067,-0.42122,-0.9791,-0.42541,-1.5334,-0.33377,-1.0055,-1.2741,0.31911,1.4776,1.2056,0.026495,0.56256,0.95634,0.62049,0.054987,-1.2929,0.88061,0.463,-0.54009,0.5221
1.3904,1.4207,1.0557,0.97261,1.1636,1.3302,0.93745,1.2313,1.1038,1.2528,1.4414,1.5177,0.91993,0.82072,1.3542,1.0482,0.43404,1.194,0.94225,-0.18523,0.93182,0.7355,1.4162,1.3341,0.6726,1.0786,0.88691,0.73673,-0.24051,0.76758,1.0353,0.52999,0.90979,0.91677,0.92686,0.77723,1.2427,0.45432,0.6991,1.3135,0.76062,1.0817,0.70894,1.4096,0.72237,0.58361,0.5344,0.21131
-0.59922,-0.66086,-0.60863,-0.20707,-0.24294,-0.43143,0.37218,-0.59697,0.25693,-0.82903,0.13099,-0.35472,0.61699,-1.1428,0.60838,-0.04876,1.0288,-0.21255,-0.763,-0.16857,-0.028615,0.37133,-0.36989,-0.5805,0.1776,0.40164,0.16523,-1.1493,-0.083892,-1.2594,0.066021,0.71751,0.78484,1.2441,-0.82242,1.0485,0.45944,0.020044,0.46319,0.38757,-0.92979,-0.24692,1.0921,-1.1905,1.4116,-0.48053,0.18142,0.20291
-1.0144,-1.0163,-0.36054,-1.5579,-1.3223,0.60441,-1.7769,-1.1059,-1.2124,-0.37574,-0.87896,-1.667,-1.5616,-0.097663,-0.77154,-1.2483,-1.2272,-1.2572,-1.3374,0.23187,-1.3387,-0.004736,-0.9831,-0.89241,-0.57206,-0.9091,-0.25639,-0.79169,-1.5589,-0.85541,-2.3948,-0.58845,-0.97125,-0.62433,0.31642,-1.1173,-1.6648,-0.73498,-2.2535,-0.76128,-0.92696,-0.63555,-2.1048,-1.0775,-1.0322,-0.23542,-1.2915,0.68533
1.4856,1.4484,1.4451,1.1959,1.4686,1.3074,1.4041,0.798,1.1839,1.0548,1.5684,0.86889,0.41796,1.1009,1.2496,0.75952,0.80668,0.96599,1.2388,0.86571,1.1813,0.73235,1.1388,1.4536,0.83294,0.11417,0.81769,-0.47915,0.9567,0.84683,1.1504,-0.29705,0.69105,0.85659,0.52128,1.1631,1.3392,0.58083,0.73013,0.8337,0.6997,0.84517,0.64309,0.08047,0.75053,0.87898,0.88737,0.51618
-0.93374,-0.93946,-0.8663,0.18935,-1.4838,-1.6247,-0.81282,-0.47702,-1.0743,-0.9922,-2.0622,-1.8233,-0.050386,-2.1483,-0.17625,-0.66033,-0.085625,-1.337,-1.5696,-1.53,-0.82724,-2.0808,-0.03586,-1.3123,-1.1412,-1.5921,-0.69913,-1.9679,-1.054,-1.3888,-1.0287,-1.6038,-1.1603,-2.7884,-1.0011,-1.6912,-1.5058,-0.99158,-0.33299,-0.59832,-0.85862,0.0035889,-0.94644,-2.594,-2.4916,0.58361,0.93178,-1.1527
-0.69388,-0.77586,-0.78392,0.32949,-0.40528,-0.24547,-0.30912,0.60528,-0.32491,-0.77325,-0.57012,0.065355,0.17165,-0.14037,-1.1037,0.19554,-0.74254,-0.38853,0.49623,-0.25599,-1.4006,-0.40324,-1.102,0.54281,0.20939,-0.90692,0.27131,-0.22655,0.13159,-0.0044565,0.38603,-0.40099,1.0991,0.025466,-1.13,0.058515,0.82746,0.88458,-1.3125,-0.59832,-0.11884,-0.45765,0.70894,0.23166,-0.22331,-1.8092,0.46115,-0.93589
-0.42767,-0.74353,-0.52422,-0.73556,0.57125,-0.38184,-0.11484,0.34123,0.30574,-0.89035,-0.30245,0.26296,0.66439,-0.2103,0.12212,0.12294,0.81236,-0.79121,-0.24205,-0.25531,0.2349,-0.82994,-0.10306,0.45114,-0.80378,-0.095338,-0.1025,0.082171,1.0676,0.67519,0.61984,1.0455,-0.24099,0.39338,0.47414,-0.22793,-0.23279,0.82498,0.90111,-0.53859,0.95634,0.21296,0.41004,-1.8172,-0.73373,0.60559,-0.20039,1.0408
-0.14106,-0.47304,-0.047956,0.25966,0.19377,-0.12621,-0.074686,-0.29258,-0.13665,0.01312,-0.1571,-0.51047,0.72323,-0.23394,0.16218,-0.044912,0.3248,0.54055,-0.97175,0.17835,-0.091559,0.25734,0.88251,0.025127,0.042349,0.91463,-0.56673,0.29916,0.0044266,0.92471,-0.057323,0.57812,0.7589,0.047746,-1.5415,-0.071781,-0.53081,0.70733,0.32919,0.72505,0.11064,1.0559,-0.49984,0.63592,0.38497,0.033172,0.57881,0.73006
1.4701,1.3966,1.2854,1.3048,1.0705,1.4871,1.1321,1.4559,1.0769,1.1668,0.98057,0.89547,0.98374,0.77977,1.6838,1.2244,1.3957,1.7651,0.97135,0.97324,0.38874,0.39756,0.45938,0.6987,0.53351,0.55299,0.99067,1.109,-0.065613,1.1855,0.98756,1.1933,0.76888,1.1693,0.83544,0.90248,1.0512,0.20574,1.1263,1.4691,1.189,0.3389,0.092699,0.61594,0.0097766,0.036828,0.46115,0.40359
-0.8164,-0.81564,-1.0734,-1.3438,-0.70621,-1.2665,-1.1163,-1.4823,-1.537,-0.44471,0.23651,-1.4692,-0.15088,-1.8053,-0.67084,-1.7045,-0.98778,-1.8512,-1.5339,-0.53985,0.18513,-1.371,-1.0993,-1.7296,-0.14133,-1.5931,-1.5191,0.063493,-1.5643,-1.8144,-1.3599,0.57959,-1.3497,-1.2689,-0.76842,-2.09,-1.0272,-0.69896,-1.9755,-0.83261,-1.4281,-1.6566,-0.59193,-2.0219,-2.1916,-2.1182,-0.28921,-2.704
-0.61499,-0.49241,-0.52046,-0.3098,-0.57797,0.40797,-0.17011,-0.16578,0.3602,-0.44227,-0.30986,-0.01084,-0.48853,0.24726,-0.20238,0.018465,0.66868,0.63337,-0.70312,-0.12786,0.49109,0.6716,-0.11349,0.011118,-0.0090827,-0.06432,0.97098,0.044495,0.51732,0.48611,0.25499,0.60035,0.43862,0.70705,0.94195,0.39035,-0.28368,0.72905,0.18021,0.4324,1.213,0.63444,0.56324,0.32889,0.75053,0.040096,-0.2687,0.96707
-0.35648,-0.77817,-0.27758,-0.31879,0.05142,-0.70761,0.26161,-0.046779,-0.41865,-1.1064,-0.15984,0.29541,0.33277,0.10368,-0.05661,-0.66857,-0.10499,-1.2962,-0.1771,-0.24545,-0.00017326,0.10041,0.12158,-0.69527,0.49234,0.84526,-0.92747,0.15106,-0.10804,-0.45416,-0.32849,-0.15516,0.23311,0.1616,0.50082,-0.62236,0.94495,-0.26052,0.7639,-1.563,0.84553,-1.2224,-0.056074,0.57732,-0.06174,0.53547,0.65205,-0.56014
-0.81596,-0.86252,-0.78827,-1.5227,-1.0831,-1.4231,-0.27568,-1.6868,-1.4882,-1.229,-0.90926,-1.7646,-1.2801,0.15592,-0.6135,-1.0086,-1.832,-1.4486,-0.84661,-0.35122,0.42064,0.35283,-1.2329,-2.0481,-0.52039,-1.0443,-2.2026,0.31037,0.47165,0.015061,-0.21437,-0.51173,0.25726,-0.19019,-0.61875,-2.09,-2.8171,-1.0307,-1.5764,-2.2057,-1.2575,-0.27694,-0.053006,-1.4297,0.033118,-0.74032,0.17309,0.47145
-0.88125,-0.86224,-0.89981,-1.212,-1.6678,-0.85723,-0.29681,-1.3082,-1.6692,-1.1934,-1.1778,-1.8408,-1.8521,-0.51074,0.34335,-1.0666,-1.8668,-0.38766,-1.3064,-1.261,-0.61476,-1.3469,-0.80192,-0.36116,-1.7636,-1.8476,-0.68643,-0.3502,-1.5236,-2.1978,-2.2413,-0.91881,-0.12921,-1.2689,-2.1596,-1.3753,-0.28368,-0.59542,-0.20071,-0.0051183,-1.9403,-0.86959,-1.2241,-2.594,-0.010241,0.61122,-2.7863,-2.704
-0.51581,-0.41834,-0.12138,0.12015,0.20516,-0.38342,-0.017135,0.36014,-0.14316,-0.43685,0.37483,-0.28402,0.10127,0.27428,-0.22639,0.5344,0.053363,0.8693,0.25517,-0.46173,0.47897,0.015629,-0.42795,-0.38734,0.20471,1.1348,0.97309,0.23616,-0.028394,1.1742,-0.60908,1.2995,-0.043626,0.27676,-1.0903,0.48128,0.2191,-1.6933,1.0906,0.42449,-0.77101,-0.63555,0.49738,0.32675,0.28289,0.85138,0.079336,-0.36401
1.4674,1.445,1.3348,1.0074,0.96189,1.1408,0.88724,0.53297,0.89607,0.89068,1.0228,1.1603,0.86667,1.3826,0.82042,0.92508,0.40868,1.0245,1.329,0.46807,0.57808,1.547,0.71157,0.17993,0.2797,0.74672,0.40463,1.2697,0.92887,0.75495,1.1424,0.90391,1.4203,0.61022,1.2362,0.81155,0.72662,0.97321,0.97262,0.68883,0.48615,0.4237,0.96042,1.1277,0.47742,0.49859,0.97619,0.55843
1.5028,1.602,1.4618,0.67147,0.51781,1.3149,0.98461,0.78707,1.2001,0.79355,1.3416,0.83699,0.97761,0.30436,1.2295,0.076839,0.8636,1.2198,0.91634,0.81629,0.9478,1.3743,0.87062,1.3288,0.45009,0.55575,0.31911,1.096,0.87483,1.2878,1.2843,0.67422,0.071536,0.98781,0.43373,1.2737,0.24001,0.3657,1.1853,0.089595,0.99327,0.97637,0.15548,-0.16284,-0.23999,-0.072532,0.5344,-0.13084
1.4239,1.3001,1.2767,1.1901,1.002,1.2861,1.1963,1.0398,0.55076,0.5878,1.2689,1.0729,0.77436,0.73808,1.1148,1.3841,-0.17828,1.073,1.034,1.387,0.48699,0.81427,1.1411,1.1739,1.2319,0.43067,1.1124,0.9441,0.12437,1.1498,1.2982,1.1229,0.76744,0.43246,1.1258,1.0574,0.88056,0.42087,0.31345,1.2048,0.36919,0.8054,-0.86681,-0.71726,0.52078,-0.23459,1.1383,1.0856
1.3365,1.398,1.2526,1.028,1.1944,1.2379,1.2063,0.78653,0.70694,1.0634,1.3691,1.141,1.0245,0.78786,0.73378,1.3969,0.97904,1.0808,0.078112,0.64253,0.73213,0.97147,1.0116,1.1546,0.45501,0.2088,0.46291,0.35905,0.88717,0.83419,1.0715,1.146,0.71611,0.5147,1.3135,0.60095,0.9294,0.58525,0.44592,0.24528,0.82154,0.51512,0.59788,0.88434,0.20431,0.65373,0.88737,0.43992
1.4341,1.2541,1.1165,0.92828,1.0139,1.0374,0.71919,1.1738,1.1355,1.3539,1.3631,1.0578,1.0141,0.75691,1.0425,1.367,0.99565,1.0652,1.4904,1.1387,1.1872,1.3666,0.79171,0.87898,0.90627,1.0486,0.99179,0.18959,1.2895,0.4789,0.79793,0.83798,1.0079,1.0945,1.3096,0.4494,0.72483,0.57897,0.43812,1.1451,1.4826,0.15399,1.1321,0.77689,0.83725,0.090587,0.81412,0.40359
-0.49405,-0.2166,-0.46925,0.48974,0.35472,0.73822,-0.10371,0.69479,0.079791,0.33872,-0.44283,0.63922,0.50715,0.34867,0.27582,0.67425,-0.064046,0.22679,0.31381,0.15572,1.3863,0.37124,0.54985,1.0904,-0.085895,0.23526,-0.66676,1.2381,0.11039,0.55866,0.65017,0.8508,1.1713,-0.22528,0.94195,0.75755,0.82746,0.48778,0.36495,0.95317,-0.16066,1.0161,0.89457,0.65457,-0.22331,0.58361,0.90294,0.56683
-0.54603,-0.41233,-0.60273,0.15332,0.84253,0.20187,0.58401,0.79418,-0.1323,0.055381,0.074846,0.48647,-0.15176,0.287,0.10771,0.27879,0.92565,0.23437,-0.42378,1.1955,0.30311,0.40652,0.71476,0.22808,0.1386,1.1865,0.59744,0.39964,0.83342,-0.12278,0.92815,0.25436,0.53673,0.93969,-0.011269,0.22818,0.47073,0.27707,0.23796,1.1216,0.34329,0.7398,0.69494,0.67966,0.034602,0.62612,0.41674,0.11593
1.0327,1.0501,1.1225,0.89916,1.0868,1.3113,0.50383,0.92241,1.1775,0.74826,1.4219,0.78235,0.68716,1.0647,1.354,0.73011,0.078793,0.80539,0.68665,0.98726,0.33058,1.2876,1.0316,1.0671,0.8666,0.099561,1.3024,1.0927,-0.027802,1.449,1.2843,0.42957,1.0458,0.8367,0.44496,1.4343,0.2513,-0.46982,0.45065,0.62909,0.43011,0.9366,0.2459,1.1663,0.95213,0.89389,0.81412,-0.025704
-1.1004,-1.0342,-1.0364,-1.3849,-1.2712,0.05147,-1.1798,-1.3808,-1.2297,-1.6154,-1.4766,-1.6568,-0.35134,-1.3606,-1.0661,-0.6654,-0.85313,-1.6029,-0.84964,-0.80992,-1.4242,-1.3874,-0.27072,0.091633,-1.9186,-2.4603,-1.4729,-1.3067,-2.0602,-0.3209,-2.6918,0.62339,-2.4929,-0.49397,-2.396,-1.073,-1.6648,-2.3847,-0.048789,-1.52,-1.927,-2.8086,-1.3268,0.73826,-0.11216,-1.8929,0.43231,0.18226
-0.88882,-0.87608,-1.2788,-0.7781,-1.2707,-1.6541,-1.8136,-1.1741,-1.4811,-1.8586,-1.0579,-1.6454,-0.82154,-1.3505,-1.4397,-1.5266,-0.8312,-0.95079,-0.59834,-1.6621,-0.41535,-0.11575,0.15143,-1.8903,-0.60723,-0.29218,-1.1946,-2.0467,0.045929,-1.8144,-1.3599,-1.0433,-1.7825,-0.61529,-2.1596,-2.0901,-0.57397,0.47162,-1.182,-1.6459,-0.7977,0.38393,-2.1048,-2.594,-3.1538,-0.45619,-0.34919,-1.8681
1.5869,1.5423,1.3757,1.3336,1.4679,1.9372,1.3136,1.1994,1.0426,1.5481,1.6839,1.2269,1.1292,1.061,1.1786,1.1251,0.40608,1.3071,1.5261,1.06,1.1373,1.0966,1.2758,1.0305,0.78859,0.84135,0.66116,1.4312,1.1309,1.0733,1.1027,1.1588,1.0549,0.73154,0.70836,1.0631,1.1043,0.32937,1.0501,0.55187,1.0782,0.47009,1.0263,0.89789,0.76573,0.49296,0.27024,0.019025
-0.68126,-0.24972,-0.18907,0.41023,0.77132,-0.092308,0.90113,0.75671,0.3617,0.3464,-0.042765,0.41863,-0.16604,0.29438,-0.3329,0.37162,-0.66493,0.12977,0.4279,0.44869,0.43671,0.57764,0.12433,0.66136,0.34484,-0.38313,0.62018,-0.94888,0.71923,0.8977,1.1062,0.72382,0.88384,-0.25653,-0.45913,0.4494,0.4106,1.4163,0.52217,1.1383,0.71675,0.37867,0.41225,-0.12421,-0.4249,0.38034,0.2175,1.3226
-0.99355,-0.86954,-1.105,-1.1874,-0.88595,-1.0531,-0.82564,-1.5549,-1.5351,-0.85146,-1.2443,-1.5157,-0.75929,-2.0639,-0.17668,-0.32,0.28992,-0.012016,-1.4667,-1.0114,0.0085772,-1.3814,-1.0993,-2.2266,-1.4089,-1.7452,-0.22431,-1.8373,0.16707,0.50919,-0.40267,0.83798,-0.93204,-2.0861,-0.97618,-2.4135,-1.8269,-0.82104,-1.7136,-0.82644,-1.1954,-1.9974,-2.1048,-0.62571,0.7448,-2.7349,0.013482,0.75319
-0.7719,-0.85668,-0.82303,-1.353,-1.383,-1.2967,-0.25403,-1.7552,-1.5809,-1.2566,-1.2338,-0.15606,-1.2768,-0.79931,-1.6057,-1.2912,-1.1806,-1.3925,-1.6461,-0.61146,-1.1596,-1.3814,-0.26884,-1.1958,-1.3142,-0.62306,-1.3375,-0.39117,-1.4604,-1.3045,-0.86963,-0.97693,-0.52936,-2.0374,-1.5415,-1.2697,-0.61295,-1.8617,-0.33045,-0.92857,-0.20692,-1.3337,-0.98911,-2.2972,-1.3367,-2.525,-0.4152,-0.57669
-0.93382,-0.7972,-0.33253,-1.0077,-1.1287,-0.8822,-0.9737,0.11684,-1.6692,-1.0091,-1.4539,-0.98654,-1.2577,-0.94839,-1.3956,-1.6574,-1.3445,-0.97949,-2.0335,-0.79745,-1.5067,-0.63206,-1.9371,-1.6576,-1.7119,-0.39492,-2.3167,-1.5809,-0.83633,-0.57529,-1.7269,-0.5855,-0.66906,-1.7849,-1.4288,0.84186,-1.7094,0.27707,0.084249,-2.0201,-0.17976,-1.8674,-0.11886,-0.80626,-1.9913,-1.28,-1.9563,0.65628
1.5101,1.3997,1.2344,1.4404,1.2639,1.7167,1.1922,0.5077,0.9242,1.1337,1.4041,1.0406,0.95557,1.0169,1.3387,0.79902,1.2142,1.7243,0.84351,0.763,1.2049,1.4645,0.88982,1.053,1.0945,1.093,0.23742,0.94281,0.94436,1.1987,1.453,0.41085,0.2427,0.76349,1.1107,0.56262,-0.19677,1.0836,1.2443,0.40097,1.1521,1.1215,0.56324,0.75692,0.88061,0.556,0.2488,0.47145
-0.94877,-0.95297,-1.4178,-1.3781,-1.4054,-1.3366,-1.5273,-0.92219,-0.93294,-1.7328,0.19578,-0.19821,-1.6468,-0.4088,-1.3699,-1.9877,-0.88457,-1.6774,-1.5447,-2.0154,-1.6434,-0.50742,0.13034,-0.91931,-0.81386,-2.2035,-0.21097,0.40188,0.68201,-0.23104,0.79644,-1.0112,-1.6651,0.27994,0.10485,-2.1703,-0.083108,0.54738,-1.2116,-1.467,-0.89556,-0.22245,-1.9343,-1.8391,0.26287,0.38596,0.46115,-1.6173
1.2237,1.3247,1.01,0.93156,0.82249,1.3753,1.1683,0.75608,1.0302,0.86636,0.69522,0.82083,0.75278,0.64742,0.95595,1.1574,0.10861,0.42758,1.1317,0.61152,1.4214,1.0892,0.55201,1.153,0.22134,0.72757,0.43852,0.53635,0.80192,0.51377,0.56181,0.7489,0.88384,0.80534,0.37149,1.1934,0.66223,0.88458,1.339,0.72505,0.79756,0.79146,0.52331,0.47497,1.0236,0.61122,0.25467,0.03239
-0.81793,-0.87667,-0.9642,-1.3371,-0.75346,-1.2669,-1.0545,-1.1822,-1.1506,-1.1184,-0.94252,-0.99866,-0.90488,-0.94319,-1.3068,-1.3149,-1.3067,-1.617,-1.0549,-1.6213,-1.5888,-1.0068,-1.2941,-0.082368,-0.09706,-1.1415,-2.1455,-0.28399,-1.5643,-1.4725,0.43729,-0.97757,-1.5963,-1.8414,-0.86885,0.32572,-2.1275,0.59698,-1.3512,-0.85723,-0.71405,-2.0555,-1.8059,-0.54032,0.47168,-0.079456,-1.2655,0.63468
1.362,1.1339,0.9402,1.2424,0.81121,1.5729,1.1938,1.1295,1.3607,1.1302,0.87769,1.451,1.3128,0.71812,1.3779,1.3122,1.1477,0.98004,1.183,1.2819,0.42411,0.61846,1.0082,1.0535,1.1039,0.94098,0.93454,1.5474,0.95273,1.0977,0.47792,0.88529,0.84105,0.67413,-0.075119,0.89186,1.0512,0.81768,1.0316,-0.53192,0.95634,0.25067,0.66901,-0.64266,-0.11216,0.51349,0.74087,1.1594
1.4863,1.5593,1.3811,1.1565,1.3417,1.3879,1.4107,1.2444,1.3829,1.0267,0.97075,0.9871,1.0297,0.9091,1.3272,0.98562,1.2074,0.86281,0.85889,0.88745,0.92203,1.1741,1.4194,1.4566,0.86727,1.1286,0.91675,0.49169,0.70067,1.2919,-0.17076,0.17007,1.1419,0.88855,1.4973,1.0025,0.45518,1.0284,1.3158,0.92965,0.52308,0.028055,0.56324,0.94806,1.0236,0.5687,0.81412,0.24035
-0.53256,-0.36627,-0.60638,-0.71524,-0.24434,-0.15345,0.044205,0.59684,-0.26054,-0.38895,-0.33668,0.24128,0.0079084,0.043246,0.1005,0.025319,0.8492,0.47839,0.42023,0.57056,1.1902,-0.35762,0.29982,0.28206,0.9616,0.87412,-1.0876,0.60294,-0.039917,0.92794,-0.17364,0.72733,0.20303,-1.0301,0.47639,0.1488,-0.32031,1.0736,0.76588,0.91695,0.81666,1.372,1.1268,-0.12754,-0.73373,0.80886,0.063767,0.80384
-0.93677,-1.1079,-1.1721,-1.3353,-1.5094,-1.4958,-1.761,0.19406,-0.35757,-1.9829,-1.1819,-1.5664,-1.1131,-1.0372,0.49846,-0.82432,-1.3535,-0.3782,0.38684,-0.57999,-0.72538,-1.8147,-1.0642,0.0033352,-1.7384,-0.68862,-0.95023,1.1252,-0.81059,0.15441,-1.0762,0.42605,-1.8473,0.32477,-0.22278,-0.59297,0.17839,0.70105,-1.5241,-0.34403,-2.4979,-1.5115,-1.3807,0.12207,0.19857,-0.59316,-0.33949,0.32142
-0.52309,-0.49557,-0.70782,0.73667,0.2989,-0.74659,-0.75789,0.81278,0.35502,-0.91413,-0.90561,0.63794,-0.19171,0.059888,-1.2234,0.24761,-0.44413,0.023213,-0.041148,0.90385,0.075839,-0.12523,-0.12189,0.16103,0.43346,-0.68814,0.21756,0.1624,-0.55082,-1.2801,-0.92385,0.48268,0.64394,0.15668,0.24217,0.61495,-0.68018,-0.092688,0.42072,1.241,0.38624,1.201,0.74887,1.0253,-2.8206,-0.78283,-0.22771,0.11345
-0.59641,-0.65381,-0.55329,-0.19496,-0.69568,-0.81821,0.42822,0.12088,-0.045366,-0.59918,-0.73144,-0.13758,0.0914,-0.076669,0.091181,0.071427,0.75691,-0.83268,-0.99874,0.40459,0.65782,-0.16387,-0.56082,-0.53754,0.7946,1.093,0.74475,-0.24468,1.1817,0.084049,0.10277,0.73664,0.93916,-0.42343,0.055823,0.69693,-0.20967,-1.5615,0.38496,0.95317,-0.048861,-0.096518,-0.098213,0.67241,0.4059,-0.23459,0.85853,-0.11516
1.3054,1.1604,1.2906,1.2131,0.91814,1.4554,1.1548,1.2386,0.71856,0.45131,0.53725,1.2634,1.5003,0.64214,1.009,0.88967,0.64007,1.2866,1.3217,1.3201,0.58067,1.4672,0.86106,0.7913,0.60251,1.0305,0.055225,0.66915,0.60522,0.80171,0.87597,0.86453,1.0991,0.075369,0.86463,0.64526,0.70571,0.69118,0.99584,0.29162,0.68186,1.0161,0.45746,0.5136,0.26287,0.26208,1.2115,0.84857
1.2174,1.4478,0.75386,1.2478,0.28774,0.46429,0.13048,1.0178,1.2381,0.99618,0.88457,0.96893,0.95776,1.0518,0.81029,0.79662,0.11823,1.0641,1.2519,0.028051,0.39045,1.4908,0.68506,0.94992,0.88035,1.0344,1.2266,0.76373,0.74587,0.77405,0.75145,0.79769,0.36333,1.0945,0.42986,0.96815,0.90147,-0.17336,0.73486,0.58809,0.62094,0.68083,0.62909,0.85926,0.47742,1.457,0.78528,0.56683
-0.62621,-0.55516,-0.60165,0.33547,-0.038919,-0.53144,0.58395,0.29676,-0.35026,-0.438,0.31361,0.15574,0.38463,0.12524,0.72346,-0.08551,0.95554,-0.69308,-0.81232,-0.61,0.69881,-0.3614,0.21289,0.44147,-0.51899,0.54661,-1.3495,1.6919,0.025764,0.39249,-0.1957,0.55156,0.78484,0.26459,0.44245,-0.71183,0.1462,-0.20534,0.96009,0.03589,0.089827,0.38393,0.66901,0.67966,0.65086,0.033172,0.16585,0.68533
1.3629,1.4799,1.3888,1.0611,1.1538,1.791,1.301,1.2625,1.4232,1.0229,1.4261,0.96564,1.2558,1.3455,0.78461,1.2178,1.1895,1.2667,0.7951,1.088,0.76312,0.95383,0.76572,0.41851,0.52443,1.2598,1.1311,0.94496,1.0314,0.14336,0.61835,0.7489,1.0732,0.34779,1.0334,0.79187,0.34898,0.90631,0.6169,0.37745,0.60184,0.62049,0.96042,1.1663,0.75053,0.15508,0.74087,-1.2264
-0.56996,-0.70785,-0.5382,-0.79054,0.65298,-0.6813,-0.80278,0.35302,-0.24618,0.053219,0.1698,0.1705,-0.53267,-0.23769,-0.17404,-0.57086,0.77365,-0.39715,0.4354,-0.41554,0.57906,0.6332,0.0015097,0.18739,0.47235,-1.3369,0.66686,0.52012,0.45351,0.074648,0.50471,-0.083122,-0.30859,-0.12229,1.0042,0.34036,-0.40338,0.020044,0.16645,-0.83649,0.52797,1.0817,-0.4287,-0.60062,0.28289,0.92149,0.81412,0.92234
-0.6981,-0.7983,-0.32814,-1.0481,-1.3523,-0.42547,-1.7652,-1.2324,-1.3582,-1.1791,-0.88851,-1.617,0.0056981,-2.0996,-1.7021,-0.35058,0.36489,-1.3053,-1.1994,-0.0044582,-0.11992,-0.85686,-0.891,-0.2456,0.11934,-0.30985,-1.5191,-1.6222,-0.18839,-1.4133,-1.0762,-1.1714,0.095492,0.25843,0.31642,-1.7689,-1.297,-1.189,0.99584,0.6243,-0.92696,-0.35648,-0.4287,-0.745,-1.5318,-0.61581,0.41674,-1.3034
1.5266,1.4892,1.2594,1.1733,0.9945,1.5604,1.4557,1.2068,1.1293,1.2679,1.2159,1.0234,1.2803,1.2174,0.95541,0.66345,0.28048,1.3315,0.82859,0.49428,0.78559,1.7022,1.2272,1.1952,0.38852,0.57934,0.23911,-0.17034,1.1516,0.88764,0.012455,0.59684,0.326,0.32947,1.2653,1.0025,0.99805,0.23919,1.0548,0.54584,0.81461,0.83123,0.2319,0.57732,0.98028,0.85138,0.46115,0.23196
-0.63199,-0.81778,-0.73085,-0.57463,0.049241,-0.55267,-1.3008,-0.79861,-0.79958,-0.65773,-1.5739,0.032793,-0.9199,-1.2136,-1.3346,-1.1194,1.2927,-1.4396,-1.0246,-1.0087,-1.0659,-0.95049,-1.6961,0.11139,0.065262,-1.1891,-2.2026,-1.2855,0.24131,-0.64385,-2.2315,-0.68151,0.45801,1.1228,-1.648,-0.92637,0.88056,-0.76843,-0.31976,-1.467,0.13654,-2.1938,0.98635,-0.16617,0.56414,-2.3193,-0.14858,0.28508
1.5075,1.4241,1.3627,1.1472,1.0543,1.6654,1.1257,1.079,1.0513,1.5114,1.3217,1.3455,1.5552,1.1657,0.73039,0.83182,1.107,1.4212,1.2474,1.4066,0.69161,1.4852,0.75331,0.99222,0.86835,1.1529,1.1368,-0.19011,0.54507,1.0606,0.28829,1.2026,0.92232,0.39338,1.2945,0.81817,1.0833,1.0284,1.0316,-0.10107,1.1521,0.61303,0.41225,0.84571,0.82205,0.31584,0.57881,1.0408
1.4726,1.4523,1.4388,1.0427,1.5441,1.2968,1.2982,1.1596,1.0954,0.74137,1.1144,0.801,1.051,1.4941,1.6081,1.2664,0.80616,0.59905,1.1648,0.56356,1.0161,1.3671,0.97664,0.95308,0.54946,0.91578,1.3379,0.89829,0.90053,0.96501,0.84565,1.0318,0.95258,-0.37169,0.97114,0.59694,0.53938,0.27522,-0.14174,0.79748,0.18769,0.44953,0.88057,0.8406,1.2534,1.0341,0.93178,0.49305
-0.58816,-0.40466,-0.75155,-0.42993,-0.19815,-0.20027,-0.61788,-0.040416,-0.2345,-0.34668,0.033292,0.19556,0.13578,0.64513,-0.60733,-0.33896,0.26103,0.72623,0.95107,0.49797,0.59356,0.26477,0.65026,-0.098788,-1.0657,0.8109,-0.10039,0.52467,0.87483,0.10422,0.88982,-0.22384,1.0901,-0.060989,1.0193,0.20791,0.64132,0.81768,0.69437,1.3732,0.13654,0.2541,0.59567,0.73826,-1.4516,1.1893,0.74087,-0.64575
-0.33755,-0.5823,-0.11266,-0.041753,-0.18721,-0.54376,0.0046889,0.43995,0.0066565,-0.18882,-0.36523,0.23038,0.38439,-0.10591,-0.35077,0.41178,-0.1926,-0.17182,-0.088527,0.18758,-0.23508,-0.027733,-0.051606,0.83674,0.010601,0.27772,0.10814,-0.68624,0.81792,0.12268,0.92015,-1.1137,-0.72583,-0.16101,-0.040455,0.53231,0.28459,-0.17336,0.36845,0.77396,-0.27762,-0.95165,0.58916,0.052062,0.32625,-1.0942,-0.5845,0.49305
1.4245,1.4803,1.1898,0.68276,1.0983,0.4513,0.52654,0.8881,0.99717,0.96553,1.3583,0.92408,1.4331,1.2312,1.5314,1.1485,0.39026,0.74069,0.36343,1.0205,1.0361,0.88302,0.63773,1.1889,1.4877,0.88969,1.1188,0.20361,1.3237,0.68812,1.0853,0.72733,0.74294,1.0014,0.42825,0.63126,0.30014,0.20902,0.75808,0.98938,1.0782,0.58072,0.88057,0.63592,0.5923,0.44337,0.97619,0.6406
-0.54692,-0.051141,-0.14208,-0.71572,0.032224,0.28855,0.4133,0.73068,0.38705,0.049431,-0.058576,0.97235,-0.064602,0.73432,-0.67193,0.75664,0.98508,1.0586,-0.46587,-0.19191,0.67958,0.06277,-0.32497,0.65361,-0.20351,0.55299,0.92954,0.66723,0.21795,0.18815,0.18552,0.73664,0.23018,1.3005,-0.25605,0.12418,-0.42225,0.42344,1.3748,0.79748,0.72369,0.38393,0.17476,0.71829,-0.26667,-1.0693,-0.2448,0.63468
-0.89868,-1.0314,-1.0314,-1.3663,-1.5757,-0.68537,-1.4665,-1.69,-1.9002,-1.6882,0.13235,-1.8408,-1.6937,-0.68058,0.2737,-1.5076,-1.968,-1.6319,-2.2767,0.26822,0.51919,-0.80421,-1.8019,-1.8884,-1.7441,0.299,-0.28258,-2.4606,-0.73188,-1.4077,0.4023,-2.2569,-0.322,-2.7884,-0.61148,-2.7462,-0.36915,-2.7416,-2.8186,-1.6459,-0.83193,-0.13103,0.36568,-1.1519,0.75053,-2.7349,-1.3832,-1.8323
-0.62793,-0.5844,-0.59115,-0.37425,0.77577,-0.60186,-0.45138,-0.37154,-0.48621,-0.92478,-0.5378,0.0030727,-0.66209,0.21601,0.43387,-0.78454,0.17056,-0.38316,0.060644,-0.17159,-0.14583,-0.69429,0.1281,-0.17023,0.9616,-0.32793,0.54984,0.21918,0.040443,0.66308,0.24263,-0.15144,0.0056815,0.10515,0.31698,-0.26567,1.1155,0.97321,0.82959,0.56256,0.88247,-1.6997,1.1268,0.88434,1.5265,0.76635,-0.017819,0.11593
-1.0148,-0.76639,-1.2318,-0.95076,-1.6608,-1.095,-0.9613,-1.4957,-1.6415,-0.56964,0.36144,-1.0908,-0.42426,-1.3257,0.32922,-1.343,-1.0095,-1.7659,-2.1476,0.28548,-1.495,-0.64696,-0.1158,-0.5805,-0.050069,-0.76741,-2.2026,-1.2855,-1.3847,-1.5482,-1.0861,-1.1886,-2.4242,-2.4706,-0.43094,-1.0304,-0.38401,-0.43482,-2.5346,-1.4619,-0.56142,-0.14155,-2.5136,0.021866,-1.8396,-0.22767,-0.48011,-1.762
1.4171,1.4405,1.3029,1.2683,1.0013,1.4706,1.4541,0.8904,0.83009,0.81643,1.5557,0.6516,1.0058,1.1557,1.3465,0.58469,1.1724,1.0655,0.28488,0.91655,0.41776,1.049,1.186,0.3656,0.33686,0.43138,0.82412,0.15119,1.3082,0.044882,0.81738,0.82425,1.017,0.98781,0.975,0.76156,0.24001,0.48778,0.96009,1.1451,0.95634,-0.38153,0.029059,0.36752,0.53598,0.61122,0.81412,0.63468
1.3538,1.3816,1.2493,1.1481,1.0494,0.95889,1.3015,1.1318,1.1966,1.6156,1.5568,1.3492,1.2255,1.5401,0.96861,0.64321,0.76947,1.0124,1.1422,1.1051,0.6114,0.91045,0.88757,1.0321,1.1803,1.4597,1.0226,0.89829,0.4903,0.48934,0.89337,0.64995,0.56467,1.3936,1.0713,1.2434,0.99805,0.82941,-0.48917,-0.35653,0.88247,0.34416,0.52331,0.92297,1.455,1.1893,1.1671,0.96707
-0.79375,-0.73362,-0.67166,-1.1537,-1.0306,-1.1258,-1.03,-1.1486,-1.3028,-0.69591,0.094455,-1.1063,-0.9149,-0.91075,-0.65773,-1.2483,0.70038,-1.8295,-1.6296,-1.7034,-1.5503,-1.3451,-1.6512,-1.1159,-0.22479,-0.60953,-1.7727,0.11176,-1.1589,-0.8655,-1.5789,-1.0479,-0.94465,0.16906,-0.61963,-2.5787,-1.5058,-2.7416,-1.7007,-0.89345,-2.4001,-0.39625,-1.2241,-1.8172,-3.1538,-1.3609,-0.17989,-1.8681
-0.77008,-0.55955,-0.47868,-0.65472,0.66253,-0.26903,-0.045779,-0.76013,-0.077124,-0.22313,-0.49717,-0.15884,-0.77232,-0.23447,0.12494,-0.10804,0.58795,-0.041979,0.14033,-0.082166,0.009904,-1.0453,-0.34594,-0.19562,0.14807,0.49549,0.55083,0.58212,0.39439,0.096371,0.49968,0.41935,-0.26694,-1.0803,0.39906,0.38634,-0.015878,1.117,0.21596,0.16203,-1.7446,-0.29195,0.08963,0.16284,0.79389,0.5411,1.005,0.16658
1.5028,1.4295,1.3444,1.4014,0.98908,1.6807,1.484,0.9909,0.67885,1.1161,1.1337,0.094543,1.3661,0.87306,1.4154,0.68651,1.0033,0.8983,1.0589,1.0429,0.78792,1.5491,0.80925,0.21748,1.3258,1.2834,0.21608,0.6813,0.86117,0.75902,0.61538,1.176,0.79483,1.151,0.75425,0.41769,-0.26215,0.97321,-0.040289,0.70153,0.81666,0.9366,0.98635,0.5136,1.1385,1.0341,1.1383,0.56683
1.2204,1.3619,1.2392,0.97046,0.73762,0.61185,1.1327,0.92813,1.1932,1.0679,1.3059,1.1372,1.0193,1.2398,0.26901,0.53708,0.58925,0.2879,1.0676,0.54068,0.58421,0.79185,1.1476,0.86262,0.75067,0.67416,0.44368,0.38404,0.17361,-0.054908,0.7573,0.76615,0.59548,0.89471,1.3135,1.254,1.019,0.6956,1.1138,1.4094,0.38829,0.50986,0.66901,0.88434,1.0236,0.5411,1.0938,0.80384
-0.3814,-0.38099,-0.34793,-0.030442,0.18681,0.0044871,0.077928,0.17344,0.36286,-0.10278,-0.49733,0.19509,-0.16747,0.21358,0.11081,-0.19871,0.57736,0.49713,1.0165,-0.80594,0.21664,1.1608,-0.39235,0.17418,-0.37848,0.36161,0.65452,1.0145,0.87799,1.3811,1.1236,-0.24836,1.3088,1.3005,0.86463,0.30708,0.3044,1.6605,0.74739,0.4734,1.1151,1.1871,0.85464,0.74337,0.70144,0.47098,0.60765,0.37454
-0.39229,-0.96546,-0.64571,0.14302,-0.24755,-1.4958,0.50705,-0.089176,-1.1531,-0.17746,-0.92744,0.032893,-0.50709,0.29849,-1.6056,0.41051,-0.48637,-1.1487,-0.97312,-0.80772,-0.4845,-0.57746,-0.28261,0.011397,0.31844,1.3258,-0.2373,0.058477,-1.6588,1.3037,0.45468,-0.31871,0.62918,0.6558,-0.30197,-0.038104,-0.36022,-2.2075,0.35119,0.64179,0.52797,-1.0147,0.9205,-0.62571,-0.72617,0.44337,0.93178,-2.0694
1.4624,1.4644,1.3776,1.2,1.0617,1.249,1.4759,1.1327,1.199,1.4033,1.3236,0.6763,0.61658,0.94487,0.74826,0.7655,0.40116,1.2704,0.89014,0.66852,0.47325,0.47635,0.72216,0.12474,0.47571,0.06591,1.3978,0.45655,1.0438,0.35258,1.1236,0.36852,0.6089,1.2723,0.44334,1.0525,1.019,0.418,0.4149,-0.070885,0.0996,0.31969,-0.30756,0.782,0.47742,0.73875,0.57293,-0.50812
-0.21227,-0.47996,0.0084905,-0.48378,0.6989,-0.72216,-0.3689,0.34561,-0.28745,-0.14381,0.22754,0.36836,-0.01877,-0.67005,-0.057893,-0.12583,-0.03876,-0.57275,-0.16259,-0.20272,-0.86241,0.43951,-0.891,-0.83959,0.25452,0.46112,0.29562,-2.8929,0.93805,-0.69787,-0.36979,0.67855,-1.0274,-0.56874,-1.3912,0.50433,1.0512,-0.82104,0.98331,0.41367,1.0173,-1.9974,0.092699,-0.28516,-0.19663,0.65373,-1.2655,-0.14421
1.2695,1.2633,1.4534,0.77387,0.93013,0.87229,1.1911,1.232,0.39073,1.4785,1.3564,0.8935,1.2465,1.0022,1.2611,1.1363,0.95097,0.87747,1.2615,0.4735,0.63429,1.348,1.0216,1.138,0.83876,1.0571,0.029251,0.86369,0.79927,0.87584,0.61481,-0.014449,1.3256,0.94499,0.72407,1.0025,0.79526,0.91803,0.53285,0.35996,0.52797,0.84517,0.41753,1.0639,0.47742,0.27333,0.41086,0.37454
1.462,1.55,1.132,1.5312,1.5769,1.2478,1.2828,1.3647,0.91608,1.1646,0.89097,1.219,0.81234,1.0716,1.5046,1.1051,1.229,1.4425,0.86351,1.1247,0.90991,0.07845,1.4386,1.3201,1.0422,1.293,1.4194,-0.29422,0.23162,0.71465,0.12165,1.3433,-0.058688,0.086828,0.80139,1.1934,0.077548,-0.30729,0.54539,0.91695,0.81666,0.44427,0.76951,1.0639,1.1819,0.62612,1.1383,1.0349
1.148,1.3767,1.1735,0.78726,0.96101,1.0643,1.2518,0.85052,-0.064565,0.41944,0.31893,0.55575,1.1435,1.0992,0.67514,1.7222,1.2182,1.3992,1.1488,1.0487,0.82616,0.43685,-0.21374,0.14977,-0.10749,1.3493,0.10946,0.99279,0.65294,0.34401,0.030111,1.2291,1.0247,0.6704,0.29255,0.81649,0.89721,0.60698,0.99584,1.1216,1.3478,0.72586,0.51803,-0.53691,0.83725,0.40086,0.97619,1.1303
1.3378,1.4848,1.414,1.2498,1.1307,1.1393,0.44231,0.96744,0.38241,1.4507,0.99805,1.3983,0.74697,0.69227,1.0628,1.2732,0.74933,0.77882,1.0572,1.4694,0.548,0.58144,1.3029,1.2905,0.84134,0.84031,0.98139,1.1123,1.2967,0.85058,1.4878,1.3167,0.90979,1.2441,0.87872,0.70094,0.70997,0.24248,0.77062,0.78478,0.039941,1.0817,0.57723,0.23166,0.95213,1.2594,0.69646,1.3226
-0.88327,-0.63551,-1.1698,-0.95277,-1.055,-0.71994,-1.2244,-0.75986,-0.948,-1.5035,-1.2404,-0.53748,0.05366,0.30164,-1.896,-1.4522,-0.26245,-0.43676,-0.10738,-0.097981,-0.11729,-0.73907,-1.187,-1.206,0.092378,-1.4592,0.081844,0.23018,0.47796,0.16465,-0.04111,-0.96736,-0.49919,0.098994,-1.2365,0.016991,-1.2914,-2.7416,-0.96284,-0.11501,-1.8291,-0.49041,0.20597,-0.062642,-0.2704,-1.1674,-1.9563,-0.4766
-0.93352,-0.85436,-1.2783,-1.4085,-1.5688,-0.70133,-1.4951,-1.8055,-1.7015,-0.71493,-0.95428,-1.6049,-0.63947,0.19379,-0.60552,-0.77125,-0.082659,-1.5976,-0.87836,-1.7777,-1.3133,-1.6879,-0.036691,-0.95612,-0.27983,-2.2035,-1.7024,-0.9238,-1.0632,-1.1262,-1.6016,-0.46432,-1.3237,-1.7101,0.12235,-0.9927,-1.6326,0.23075,-0.83008,-1.8871,-0.63529,0.5549,-0.16606,-1.2513,-0.8486,-0.68593,0.5344,0.79792
-0.75505,-0.75767,-0.64001,-1.3079,-1.3315,-0.88685,-1.0923,-1.1721,-1.2495,0.52315,-0.97304,-1.667,-1.0454,-0.97113,-1.3165,-1.6148,-1.5566,0.49133,0.2555,-1.5562,-0.004171,-0.7654,-1.4844,0.06261,-2.0319,-1.9664,-0.89315,-1.0812,-1.0871,-1.7989,-0.65741,-0.76586,-0.28995,-1.2689,-0.36933,-0.59297,-1.1473,-0.05571,-1.3512,-1.6952,-0.15967,-0.38504,-1.2529,-0.79451,-1.2366,-1.0942,-0.36245,-0.60102
-0.87036,-0.78165,0.034269,-1.1154,-1.1817,0.37584,-1.1807,-1.1596,-0.71464,-1.229,-1.8412,0.30311,-0.77164,-1.5188,0.05647,-0.46688,0.28362,-0.83268,-1.5391,-1.2762,-2.4499,0.27994,-0.8452,-0.66404,-1.4692,-1.0725,-2.2026,-1.5147,-0.0062797,-0.47409,-0.48856,-1.4193,-0.18234,-0.39315,-2.1574,-0.25905,0.028705,-2.4732,-2.0702,-1.0546,0.67982,-1.1201,1.0921,-2.594,-1.5318,-0.34805,-1.2016,-1.1276
-0.93091,-0.75667,-0.95218,-0.70109,-1.0076,-0.56613,-0.45592,-1.177,-1.4362,-0.51833,0.11155,-1.3764,-1.972,-1.4133,0.38504,-0.5499,0.70304,0.39304,-1.5024,-0.85533,-0.89755,-0.30009,-1.3221,-0.8374,-0.75558,-0.91311,-1.9585,-0.23377,0.35152,-1.4133,0.43581,-0.32269,-2.0575,-0.12407,0.11419,-0.21839,-1.1125,-0.69896,-0.2025,-0.35902,-0.57763,0.40976,-2.1232,-1.0988,-0.96348,-0.46068,-2.1562,0.16066
1.499,1.5644,1.33,1.1815,1.6928,1.9044,0.96816,1.3283,0.81012,0.96563,1.1845,1.2717,0.80612,1.1377,1.1655,1.1738,1.5,1.2962,0.75182,1.374,0.73035,1.0762,0.88251,0.86638,0.75127,1.1595,0.85137,0.8104,0.44249,1.0415,1.133,0.68353,1.0507,1.048,1.2362,1.1434,0.52383,0.66503,1.0143,0.10832,0.77972,0.83123,-0.071438,1.1277,1.2968,0.85138,-0.15598,0.75911
-0.70663,-0.91761,-1.0528,-0.93186,-0.90424,-1.2621,-1.1763,-1.3908,-1.4171,-1.3168,-0.54926,-0.75115,0.030716,0.41359,0.42175,-0.92389,-0.02421,-0.50553,-1.1211,-0.22936,-0.92474,-0.41943,-0.37117,-0.62181,0.87093,-1.0725,-1.7659,0.28346,-0.13852,-0.99487,-0.28614,-0.36806,-1.4329,-0.56789,0.36763,-1.1836,-0.6483,-0.73241,0.96009,0.10353,0.72369,-1.1171,-0.4287,-0.33297,-0.54435,-0.092159,0.69646,-0.65047
-0.37803,-0.44838,-0.35885,-0.57288,0.067028,-0.16654,-0.49672,-0.58293,0.39565,-0.41891,-0.64227,0.52124,-0.24755,0.29993,0.82681,0.16015,0.97883,0.24098,0.35527,0.22679,0.55702,0.3428,1.0133,-0.2456,0.39188,-0.15559,0.013327,1.265,0.38772,-0.2775,-0.21335,0.54805,0.70358,0.92666,0.45268,0.59293,0.72483,0.57897,-1.5241,0.27671,0.40612,0.29387,1.1061,0.71104,0.75053,0.72384,1.0494,-0.17173
-0.67235,-1.0001,-0.9695,-0.91981,-1.1858,-1.2952,-0.50685,-1.3644,-0.94093,-0.47939,-1.213,-1.4438,-0.72216,-1.3086,-0.37013,-1.3432,-2.304,-1.0184,-0.65684,-0.39725,-1.72,-1.5924,-1.5632,-1.206,-1.6546,-0.08783,-1.15,-0.45075,-1.0238,-0.44652,-0.64711,0.63042,-0.82052,-2.1609,-0.55802,-1.8492,0.2513,0.14212,-1.0168,-1.6589,-0.7977,-1.8448,0.55574,-1.6344,-1.0068,-0.19208,0.22583,-0.32904
-1.0156,-0.93604,-1.2816,-1.6304,-1.3412,-1.3431,-1.7813,-0.29693,-1.5754,-1.2528,-1.8295,-0.63401,-2.1769,0.32971,-1.5,-1.9492,-1.0416,-0.66308,-1.8835,0.24022,-2.3368,-1.3874,-1.8019,-0.8488,-2.3261,-1.2175,-0.071744,-0.10361,-1.5589,-2.0928,0.094863,-2.2569,0.41124,-1.7849,0.80139,-1.295,-2.8171,-0.46539,0.2122,-0.38893,-0.92696,-0.84629,-2.7145,-0.10045,-0.95592,-1.773,-1.6034,-0.7681
-0.35529,-0.44237,-0.24377,-0.017915,0.19104,-0.30599,-0.16491,0.11962,0.46291,-0.7558,-0.73474,0.52914,0.12201,-0.3,0.38642,0.11335,0.71581,-0.86064,0.37229,0.32226,0.35126,0.060497,0.44519,-0.23982,0.5461,-0.37993,-1.462,0.55766,0.57107,0.38033,-0.70816,-0.91449,-0.075033,0.42716,-1.0774,0.17975,-0.35497,-0.27929,-1.2938,-0.22255,-0.003145,-1.4061,0.45746,0.21812,-1.5188,-0.31034,0.22583,-0.053221
-0.66846,-0.42974,-0.62754,0.63082,0.64326,0.09735,-0.20927,0.70841,0.31215,-0.31058,0.24771,0.69523,0.81864,-0.31253,-0.28606,0.80176,1.0288,0.3452,0.54705,0.034041,-0.94635,0.50124,-0.13379,0.2548,0.35576,0.65217,-0.19339,0.53237,0.74634,-0.077006,-1.1739,1.2291,1.1713,0.97321,-0.5313,0.24542,0.48985,1.117,1.0548,0.62909,1.1151,1.0765,0.45217,0.53869,0.16801,0.73875,0.21996,1.4858
-0.19726,-0.12034,-0.43744,0.64872,-0.038818,0.31287,-0.36439,0.98387,0.56189,0.15844,-0.4916,0.59788,0.65555,0.75627,0.39065,1.0554,0.71247,0.56691,0.3184,0.71182,-0.83139,0.72085,-0.40222,0.62996,-0.17168,0.58281,0.52875,0.56397,1.0013,1.276,1.0679,0.20828,1.3256,1.4966,0.50719,0.17575,-0.27492,0.91803,0.35119,-0.011149,0.38829,0.9366,0.60316,0.61594,0.033118,0.964,0.099839,0.042155
1.4455,1.3555,1.5209,1.5025,1.2073,1.095,1.4054,1.2642,0.97216,0.8508,1.1994,0.81269,1.0021,1.3332,1.2235,1.1169,0.91067,0.78286,1.5409,0.25834,1.1578,0.83468,0.73766,0.099789,0.099104,0.68769,0.93829,0.85238,0.67429,0.65076,1.0035,1.1322,1.0304,0.64591,0.70612,1.0828,0.98676,0.79596,0.27769,0.76126,0.98032,0.97111,1.1321,1.1663,0.055539,0.78126,0.46115,0.68533
1.2293,1.2683,0.88144,1.0795,1.013,1.3231,0.90714,1.0263,1.2906,1.3828,1.7702,1.2341,0.71888,1.7177,0.95827,0.55151,0.73309,1.191,1.2403,0.98186,0.68235,1.4339,1.4917,1.3318,1.4165,1.525,0.96905,0.9711,1.0884,0.74503,1.2308,1.0756,0.66422,0.5147,1.2031,1.1131,1.1043,1.0067,0.74739,0.54708,1.2739,0.8054,0.98635,0.5136,1.5699,0.40086,1.2559,-0.23367
1.2123,1.0669,1.1844,1.2442,1.0923,1.1472,0.58614,0.90145,0.86717,0.73933,1.094,1.3731,1.1008,1.5983,1.1691,1.027,0.64998,0.93548,0.4153,0.87924,0.72761,0.79537,1.3855,1.118,1.2326,0.95566,0.73323,0.54143,1.0553,1.0818,0.84919,0.988,0.64826,1.0198,0.52228,0.59033,0.86501,0.58525,1.2568,0.94838,1.0542,0.5549,0.96042,1.2937,0.42111,0.76635,0.93178,1.2488
-0.90438,-0.88925,-1.1686,0.57347,-0.13067,-1.1662,-1.0829,-1.6571,-1.5767,0.30918,-1.7494,-1.5411,-0.061162,-0.93483,-1.7278,-1.46,-0.39425,-2.021,-1.2181,-1.4448,-1.2014,-2.0808,-0.68595,-1.6193,-0.51891,-0.48171,-1.4514,-0.42492,-0.19978,-1.4591,0.35812,-0.9408,-1.5277,-1.3611,-1.3328,-1.6912,-0.28368,-0.57945,-0.0092623,-1.6459,-0.34498,0.4045,-2.7145,-1.1519,-1.9913,-0.18843,-0.34537,-1.3941
1.4449,1.3151,1.3761,1.2108,1.4236,0.92039,1.2503,1.2513,0.84692,1.2736,1.0586,1.0658,1.012,1.5128,1.6008,1.4387,1.2202,1.0289,1.1619,1.6763,1.414,1.361,0.57266,1.2905,0.63468,0.88418,1.5579,0.9362,1.0708,0.85464,1.3424,0.87736,0.41522,0.27994,0.975,0.95248,0.64558,1.146,1.0316,0.93568,0.08665,0.95054,0.68301,0.46986,1.1819,0.73875,0.43231,0.80384
-0.08923,-0.81133,-0.18625,-0.47447,0.56898,-1.3256,-0.58715,-0.066259,0.37076,0.24049,0.20365,-0.73905,0.58084,-1.3804,0.10555,-0.19519,0.34531,-0.59569,-0.62672,-0.016838,-0.52651,-0.56224,0.35491,-0.59217,0.0005171,1.181,0.58162,-0.16106,1.2387,-0.15901,0.62923,0.20125,-0.56242,0.37975,-0.30448,-0.11748,-0.1684,0.85113,0.43812,1.0256,0.38022,-2.0158,0.85464,0.48852,0.63566,0.73875,0.29908,0.27917
-0.38153,-0.61146,-0.44924,0.093294,-0.055912,-0.71432,-0.67696,-0.51427,0.45062,-0.95566,-0.95837,-0.23261,-0.64973,-1.0575,0.43613,-0.77745,0.52303,-0.092258,-0.021993,-0.14847,-0.14836,-0.47767,-0.74784,-0.38635,0.54143,0.43708,0.41697,0.2915,0.84179,1.3811,0.55242,-0.10968,-0.44098,0.94126,-0.99602,0.97216,0.48628,0.3657,0.35592,-0.61066,-0.12273,-1.8921,-0.005585,-0.48474,0.12706,0.53547,0.2488,-0.70769
1.2948,1.2309,1.0139,1.2255,1.0095,0.76699,0.35328,1.1697,0.84924,1.0434,0.59543,1.4644,0.522,0.76328,1.0376,1.253,1.2588,0.51988,1.4052,0.095055,0.19862,1.4464,0.93845,1.4449,1.1539,0.7314,0.85681,0.28016,0.5729,0.94381,-0.22248,0.9384,1.0338,0.35526,0.53737,0.55096,0.2191,1.306,0.37441,0.89343,0.52103,0.57546,-0.13064,0.85926,0.63566,0.40086,0.93178,-0.025704
-0.22556,-0.92244,-0.39619,-0.24316,0.44492,-0.53317,-1.1841,-0.54147,0.44802,-0.84237,-0.50649,-0.17095,-0.25913,-1.1056,0.26039,0.40341,1.0757,-0.17816,-1.1303,-0.89927,-0.30445,-0.02196,-0.97333,-0.67798,-1.6666,0.94899,-0.31917,-1.531,1.5456,0.057945,0.20209,0.25788,0.46799,0.95958,-0.070366,-0.40763,0.9294,-0.063013,0.86535,0.041788,1.0173,-0.14291,-0.93558,0.71318,0.90877,-2.7349,0.2488,0.27669
-0.77297,-0.6774,-1.1897,0.68637,-1.3014,-0.69427,-0.92699,-1.3797,0.36466,-0.37887,-1.5973,-1.0428,-1.6388,-0.23094,-1.1625,-1.3992,-1.4899,-1.8976,-0.93498,0.33398,-0.81788,-1.2226,-1.1355,-1.0452,-0.63432,-0.23208,-1.1348,-0.30898,-1.997,0.38926,-0.044653,0.16187,-0.5043,-1.2971,-0.30234,-0.6475,-0.68049,-0.23649,-1.0168,0.2561,-1.0248,-0.22245,0.12612,-1.1133,-0.35487,-1.1674,-2.7863,-0.65047
-0.84131,-0.38249,-0.72409,0.28554,-1.1506,-0.10397,-0.9244,0.37765,-0.84883,-0.34601,-0.27998,0.59814,0.26599,-0.70483,-0.5724,0.57041,1.0902,0.83229,-0.33281,-0.41126,-2.0189,0.24699,0.23474,0.45854,-0.87455,-0.26369,0.57138,-0.4879,0.62826,0.2226,0.80502,0.23925,-0.17226,0.50566,-0.56126,0.71157,-0.56411,-0.33446,0.64012,0.98938,0.35624,-0.40736,0.30426,0.48984,-0.19663,0.42285,0.66762,0.042155
-0.86068,-0.96112,-0.86893,-1.4708,-1.2513,-0.43505,0.64744,-1.0695,-1.163,-1.0775,0.045254,-1.7314,-1.4538,-1.1897,-1.3432,-1.743,-0.43559,-0.7422,-1.5804,-1.1345,0.63941,-1.0949,-0.7823,-1.2536,-0.24522,-1.5931,-0.49181,-2.2466,-1.4563,-0.85176,-1.0762,-1.9676,-0.93204,-0.5123,0.30926,-1.087,-2.1275,-1.3997,-1.0168,-2.0201,0.31442,-1.3008,0.020343,-1.8391,-0.78622,-0.38608,-1.4857,-1.8681
-0.48405,-0.82911,-0.74728,0.066538,0.63888,-1.0976,0.21074,-0.022215,0.14954,-1.3463,-0.063777,-0.54278,-0.60045,-1.0018,-0.18455,-0.25814,0.38582,-0.13256,-0.60226,-0.46173,-0.81582,-0.85461,-0.74872,-0.26364,0.041606,-0.41082,-1.0498,-0.53596,-0.42122,1.2634,0.62923,-1.2753,-0.24541,1.0762,-0.86885,0.45434,0.95031,0.24074,-0.79695,-0.86266,0.85848,1.1215,0.55574,-0.72805,1.2252,-0.78283,0.88737,0.80384
-1.0111,-0.99557,-0.2746,-1.4141,0.4392,-0.98133,-0.13163,-0.60316,-0.66734,-0.22981,-1.3935,-1.3371,-0.3441,-1.7429,-1.9677,-2.4182,0.26439,-2.0431,-0.98202,-0.40464,0.27046,-1.7307,-1.2322,-1.0532,-0.98617,-1.3161,-1.8869,-0.17312,0.00076367,-2.7728,-2.8487,-2.854,-2.0633,-1.3388,-1.8482,-2.7462,-1.7891,0.10424,-0.5839,-0.41724,-1.9403,-0.31671,-0.86581,-0.90861,-2.8206,-0.86891,-0.08273,0.30077
-0.72096,-0.7831,-1.0099,-1.3215,-1.3649,-1.277,-1.0266,-1.1323,-1.6329,-0.83883,-0.49581,-1.2636,-1.4369,-1.2826,-1.5703,-1.6281,-1.4341,-2.1302,-1.3421,-1.7546,-0.55423,-1.8736,-0.97333,-0.46732,-0.7622,-2.0931,-2.1868,-0.71122,-2.1234,-1.6777,-1.289,-0.31791,-0.40441,-1.2118,-1.8481,-2.0901,-0.6161,-1.0307,-1.0168,-0.41876,-0.59928,-0.9381,-0.30756,-1.1519,-1.9913,-0.2749,-0.62509,-0.73906
1.4053,1.5435,1.4903,1.2632,1.2237,0.85366,1.3498,1.3341,1.4273,0.94941,0.99408,0.85371,1.1814,0.97449,1.1286,0.69476,-0.41507,1.3592,1.0894,0.69026,1.1663,0.47436,1.1329,0.73816,0.98943,0.58165,0.64127,0.56182,0.41158,1.0053,0.13252,1.268,0.78916,1.0725,0.26884,0.1776,1.0678,0.79596,0.76588,0.42449,0.81666,1.2269,0.74887,0.25675,0.12706,1.2594,1.0938,-0.2784
1.4456,1.4996,1.5288,1.3567,1.0081,0.69867,1.2586,0.73002,1.1213,1.3085,1.322,0.56269,1.226,1.4872,1.1653,1.0302,0.17453,-0.066803,1.1338,1.1501,-0.043265,0.82866,1.1314,0.33597,0.9691,0.34458,0.50389,0.37359,0.28391,0.66443,0.60014,0.80995,0.03688,0.28135,0.89219,0.10851,0.79526,0.39915,0.86535,0.34124,0.43011,0.5549,0.49738,0.98669,0.63566,0.89389,0.17555,0.77479
1.3298,1.2978,1.2318,0.97566,1.103,1.332,1.3226,1.3538,1.4531,1.1756,1.3041,0.88654,0.9571,0.97768,1.2651,0.94497,0.29402,1.0119,0.97832,1.0926,0.79461,1.3722,1.787,0.16412,0.43761,0.73487,0.57184,0.99279,0.79406,0.61557,1.2575,0.99152,1.0991,1.0663,1.188,0.502,0.98676,0.15147,0.59491,0.067315,0.55195,-0.10314,1.0662,0.82063,0.24767,0.73875,0.97619,0.61155
-1.083,-1.0244,-0.87285,-1.4418,-1.2838,-1.442,-1.4214,-1.4382,-1.8283,-0.51031,-0.98541,-1.2362,-1.7658,-1.3864,-1.1271,-2.0536,-1.9744,-2.0723,-1.5391,-1.0784,-1.561,-1.8736,-0.65431,-0.51219,-0.96667,-0.45588,-0.27202,-2.3944,0.22449,-1.2434,-2.2413,-1.0433,-1.122,-2.3958,-1.4692,-0.77646,-2.1275,-2.7416,-0.45341,-1.1205,-1.8291,-0.038386,-2.7145,-2.594,-2.6065,-2.7349,0.76384,0.19563
-0.83949,-0.71255,-0.54264,0.29371,-0.56917,-0.58911,-0.46579,-0.31784,0.20445,-0.3277,-0.66503,0.091768,-0.67743,-0.21657,-0.66966,0.31624,1.1647,0.10696,-0.53962,0.0034872,0.14749,-0.054427,0.87432,0.20543,0.072099,-1.1485,0.02666,0.49777,-0.31028,-0.027667,-0.13402,0.50923,0.32054,0.17695,-0.0048976,0.77219,-0.82535,-0.20534,0.80637,0.97669,-0.35149,0.89683,0.44996,0.67966,0.42833,0.87898,0.50556,-0.69519
-0.80823,-0.80134,-1.1319,-1.0502,-1.3025,-1.0954,-1.8163,-1.087,-1.1306,-0.90757,-1.5378,0.34137,-1.4544,-0.83822,-1.289,-1.46,-1.3834,-1.2857,-1.1438,-1.0561,-0.65039,-1.025,0.21204,-0.36371,-0.041674,-0.48088,-0.64041,-1.2655,-1.4533,-1.1243,-2.2413,-1.1714,-0.75728,-1.2971,-0.3818,-2.09,-1.1473,0.39627,-1.3512,-0.34403,0.74279,-0.10178,0.11419,-1.5641,-1.6813,-0.52867,-1.3832,-1.0091
1.381,1.2379,1.2907,1.1593,1.1352,1.1429,1.556,1.2233,1.1772,1.0865,1.3958,1.301,0.80695,1.1649,0.4821,1.2169,1.2731,0.75063,0.45096,1.3523,1.4455,1.1066,1.3038,0.78586,0.83876,0.5221,0.9196,1.0428,0.15473,1.1804,1.0621,1.2464,1.3607,0.58043,1.2323,0.448,1.3279,0.27707,0.46319,1.0853,1.1521,0.91077,0.3916,0.71829,0.86541,0.85138,0.3879,1.1303
-0.72183,-0.86431,-0.75622,-0.14207,0.2854,-0.41279,-0.45714,-1.1524,-0.11451,-1.0597,-0.16235,0.26152,0.71526,-0.68145,-1.1037,-0.52126,1.2306,-1.1406,-1.4982,0.59517,0.88906,0.11725,0.19892,-1.1547,-0.57058,0.41099,-0.60495,-2.0467,0.78254,-0.86763,0.47495,-0.42118,-0.073002,0.53918,0.15847,-1.4245,-0.89141,-1.5281,1.0501,-0.047365,-0.12499,0.8054,0.28582,-1.3089,0.63566,0.65373,0.48411,-1.8681
1.3798,1.3795,1.1885,0.85112,0.98859,0.98956,1.2447,1.2812,1.1383,1.3866,1.6343,0.8232,0.97513,0.99197,0.94538,0.8245,0.11915,0.66246,1.3386,1.4771,1.0311,0.94638,1.4216,0.90524,1.0675,0.87412,1.0797,1.1705,1.2573,0.99132,0.50825,0.84149,1.017,1.1129,0.55371,0.4217,0.79526,0.91803,-0.086731,0.92965,1.5804,1.0087,0.58916,1.0253,0.98028,0.69624,0.65205,0.21131
-0.83134,-0.93587,-1.0422,-0.81496,0.12778,-0.58407,0.069531,-0.22093,0.35335,-0.031053,-0.81087,-0.09893,0.55623,-0.14844,-0.59467,0.18075,0.54228,-0.22047,-1.0101,0.97571,-0.020655,-1.2907,1.4656,-0.034979,1.0971,-1.8408,0.3085,-0.58978,0.81161,-2.1978,0.074287,0.67855,0.81854,-0.42689,-0.01513,0.81155,1.6273,-0.0061052,-0.23826,0.97669,-0.50142,0.44953,0.60316,0.20658,0.13279,-0.5908,-0.62977,0.68533
1.3072,1.4205,1.3935,1.2187,1.0297,0.97946,1.1099,1.2703,1.0741,0.89939,1.2983,1.1872,0.33517,1.2027,1.1745,0.80984,0.99231,0.69315,1.0948,1.1861,1.1169,1.1741,1.334,1.1686,1.0032,0.15359,0.9139,1.0711,0.027053,0.9768,1.2308,1.2198,1.2401,0.70705,0.57428,0.97878,0.96586,0.408,-0.24825,0.37065,0.81666,0.95054,0.62909,0.36752,0.6075,1.2594,0.15258,0.84857
-0.75342,-0.83489,-1.0382,-0.30175,-0.70492,0.54149,-1.1373,0.32136,-0.66027,-1.2519,-0.63347,0.22378,-1.157,-1.1249,-0.75213,-1.0652,-1.3281,-0.28102,-0.80839,-2.1903,-1.2536,-0.72871,-0.56833,-0.77924,0.073771,0.063525,-0.78848,-0.58316,-1.4533,-1.4591,-0.46128,0.71802,-1.7825,-0.48554,-0.3001,-1.303,-0.77115,-1.0118,-0.22195,-0.76128,-0.12273,-1.0117,0.30647,-0.72805,0.83725,-0.80149,-0.34537,-0.8262
1.454,1.4066,1.428,1.1209,1.2474,1.1365,1.242,0.95405,0.97021,0.97324,1.3273,0.81149,1.0892,1.5811,1.0269,1.3165,1.4369,0.7236,1.601,0.73954,1.1822,1.0659,0.73766,1.2545,1.3012,1.4597,0.77294,1.1177,0.81029,0.93734,-0.0077607,0.69726,0.90979,1.5248,0.975,1.3843,0.23575,0.95149,0.54066,0.33644,0.85848,0.7206,0.9205,0.782,1.067,0.76635,0.66762,1.2041
1.434,1.3287,1.279,1.1669,0.86534,1.3418,1.1157,0.98952,0.92613,0.99104,1.1812,1.4507,1.0923,1.1586,1.3472,0.93535,0.97706,0.83417,1.1447,0.80458,0.9059,1.0401,1.3767,0.99216,1.1023,0.15815,1.1666,1.1752,-0.64053,1.4173,0.92015,0.15949,1.1419,0.582,0.75812,0.83617,0.26029,0.79153,0.59964,1.0129,0.58196,0.76563,0.32575,1.0639,0.79389,0.76635,0.74087,0.56091
-0.81641,-0.95574,-0.92257,-1.3207,-1.1476,-1.222,-0.94243,-1.463,-0.99533,-1.3064,-1.1245,-1.2466,-1.2628,-1.6613,-1.5703,-1.7413,-1.5453,-1.7486,-1.3064,-1.625,-0.52183,-0.29495,-0.53095,-1.4348,-0.12957,-1.3831,-1.8869,-0.92569,-2.5307,-1.9931,-1.289,-2.1083,-0.688,-1.7102,0.21684,-1.3942,-0.94187,-1.4274,-0.27402,-2.3976,-1.1954,-2.8086,-0.79346,-2.2087,-1.9913,-0.93797,-0.9095,-1.8323
-0.96776,-1.0271,-0.67387,-1.5959,-1.6678,0.79294,-1.4723,0.2948,-1.308,-1.39,0.12886,-1.8408,-1.2213,-1.7331,0.21192,-1.7045,-0.88728,-0.81826,-1.8344,-1.3791,-1.3823,-1.6571,-0.43869,-1.7504,-1.7384,-1.8476,0.13431,-1.8893,-0.52255,-2.2099,-1.0343,-0.011293,-1.5536,-1.2581,-2.7979,-2.4984,-0.094145,-2.2104,-0.79695,-1.2164,-1.1596,-1.1171,-2.7145,-1.1519,-0.54435,-2.1182,-0.86814,-1.8323
-0.63417,-0.4755,-0.561,0.87725,-0.60021,-0.42352,0.20582,1.093,-0.82666,-0.21744,-0.16471,0.69422,-0.66425,-0.37564,0.34733,0.29821,0.91746,-0.33999,0.56772,0.29236,-0.25127,0.6362,-0.31668,0.664,-0.88503,0.10232,0.66851,0.40026,-1.722,0.70075,0.26274,0.14463,-0.49368,-0.5913,-0.12064,-0.42628,0.70393,0.4426,-0.38225,0.91695,0.74767,0.44427,0.28054,0.1191,0.5584,-1.3926,-0.74275,0.40359
1.5155,1.4622,1.3936,1.0093,1.212,1.1567,0.75397,0.80015,1.3309,1.593,0.80641,1.0323,1.0245,1.4044,1.4255,0.88043,1.4566,0.58548,0.20772,1.4309,0.89342,0.73529,1.0862,1.3011,0.58301,0.10127,1.1207,0.45709,0.33867,1.0574,0.80593,0.8508,1.1026,0.79172,1.4973,0.78786,-0.28028,-0.62887,0.93686,0.95317,0.49103,0.51512,1.1321,1.0202,-0.82958,0.033172,0.85853,0.31413
-0.66399,-0.69585,-1.434,-0.74281,-0.90832,-1.3448,-1.1051,0.016639,-1.0189,-1.0175,-0.27199,-1.1583,-0.5414,-0.71502,-1.9934,0.44515,-1.0133,0.32984,-1.4134,-0.61146,0.24869,0.33088,-0.88953,-0.77312,-0.43592,-0.28227,-0.73795,-0.71827,-0.30116,0.29056,0.37433,-0.24303,-0.12558,0.53545,-0.94788,-0.34701,0.17661,-1.519,-0.95784,-2.3976,-1.3239,0.54095,0.26654,0.16795,0.01218,-0.48235,-2.5714,0.03239
-0.89202,-0.76348,-1.1152,-0.94447,-0.967,-0.37735,-1.6172,-1.1115,-0.90375,-1.3232,-0.84466,-0.88923,-1.0787,-1.5295,0.0073023,0.018553,-0.78278,-0.13328,-0.78324,-0.71633,-0.69623,-0.53307,0.17751,-0.83959,-0.39541,-0.79653,-1.7119,-1.1565,0.39169,-0.42523,-1.1321,-0.82323,-0.084632,-0.62433,-0.26628,-0.72884,-0.68049,-1.6844,-1.0168,-0.32031,-1.927,0.52907,1.4235,-1.0269,-1.5664,-1.9218,0.25467,-0.48636
-0.53854,-0.48614,-0.4833,0.55087,-0.31796,-0.28898,-0.34098,0.12596,0.42264,-0.75721,0.29445,0.64304,0.82271,0.22992,0.041457,0.21982,-0.35837,0.69428,-0.20132,0.4372,0.086728,-0.23307,-0.35695,-0.56659,0.90051,0.5035,0.019106,0.39964,0.67283,0.46902,0.47792,-0.24108,-0.035673,0.063305,0.26884,0.9631,0.73088,0.636,0.75335,-0.32031,1.0173,-0.73818,0.43153,-0.065611,-0.96348,0.048076,0.81412,0.99612
-0.94449,-0.98521,-1.2529,-1.29,-1.1706,-0.9744,-1.2499,-1.6868,0.029989,-1.8634,-1.6536,-0.63198,-1.9471,0.25284,-0.85671,0.030808,-2.7425,-1.6319,-1.792,-0.95457,-2.603,-0.038244,-1.2772,-1.2523,-0.067586,-0.56601,-2.3167,-1.5591,-2.2631,-0.091879,-0.38527,-0.70774,-0.1472,-2.4706,0.22886,-0.9124,-1.3767,-2.4732,-1.3064,-1.563,-0.44284,-3.4372,-2.7145,0.42909,-1.0322,-1.3795,-1.4092,-1.0091
1.5591,1.481,1.3944,1.1994,1.4195,1.3763,1.0701,0.65943,1.161,1.1741,1.0884,0.94041,0.9026,0.51304,1.3209,1.1968,1.0804,0.54007,0.49804,0.5841,0.67598,1.0544,0.2944,0.43819,0.55294,1.1105,0.74145,1.1057,0.98893,1.1836,0.91306,0.69726,1.116,0.88481,0.58837,0.59694,1.3392,0.45875,1.5053,0.71546,0.44921,0.64632,0.70894,1.2049,0.90877,1.1042,0.90294,1.3673
-0.97566,-0.86293,-1.2256,0.0020657,0.19233,-1.1891,-1.2808,-1.0632,-1.4414,-0.97706,-1.658,-1.4227,-0.20233,-1.4992,-0.34455,-1.5266,-1.1293,-1.5603,-2.0335,-1.8707,-0.29495,-1.5873,-1.785,0.14024,-0.21054,-1.3071,-1.1567,-0.53041,-0.9178,0.082377,-0.50462,-1.2418,-1.5536,-0.32016,-0.3818,-1.1836,-2.1275,-2.7416,0.21289,-1.467,-0.39946,-1.4729,0.19848,-0.67863,0.24193,-2.7349,-1.6034,-0.053221
1.3812,1.3601,1.2847,0.72274,0.9686,1.2108,1.3201,0.91064,0.83484,1.0976,0.63196,0.7811,1.052,0.56761,0.90817,1.4979,0.94901,1.2293,0.66982,1.0047,1.0671,1.0711,0.72476,0.22279,0.95794,0.31129,1.1666,0.21543,0.95273,1.2357,0.28901,0.51717,0.18395,0.93136,0.42825,0.043879,1.0678,0.041767,0.6991,1.241,1.213,0.13342,0.9205,-0.26008,1.4116,0.61122,1.0938,0.61155
-0.83302,-0.8843,-0.54012,-1.1618,-1.3406,-1.258,-1.3916,-1.6014,-1.4935,-1.0867,-1.85,-1.4875,-1.4986,-1.4571,-0.52689,0.026161,-0.7198,-1.8512,-1.4982,-1.4558,-1.1447,-1.548,-1.5724,-0.42829,-1.6029,-2.3314,-0.93075,-1.9679,-1.3901,-0.83157,-1.9397,-0.38907,-0.92269,-1.2689,-1.245,-2.09,-1.8269,-2.2104,-2.8186,-2.7782,0.24543,-1.5943,-1.2529,-1.4339,-0.94445,-1.7803,-0.80425,-1.2908
1.4544,1.5035,1.3606,1.2186,1.3567,1.5348,1.2054,1.0722,1.0565,1.3469,1.6218,1.4062,0.88924,0.9559,1.3145,1.2783,1.1836,1.3004,1.5006,1.0198,0.45178,1.1759,1.0961,1.0631,0.9931,0.96919,1.0401,0.7409,0.62063,1.239,0.34745,0.95565,0.28206,0.91677,0.43472,1.0828,0.75881,1.2056,1.0906,0.95317,1.0782,0.66026,0.62381,0.22144,0.63566,1.1467,0.76971,1.0118
-0.71608,-0.63095,-0.79113,0.015899,0.82905,-0.7702,0.078534,0.55996,-1.164,-0.88303,-0.74384,0.33729,0.061291,-0.29689,0.065209,-0.14645,1.2473,-0.56977,0.6935,-0.1778,0.40542,0.34702,-0.20073,0.67695,-0.64306,0.34733,-1.9585,0.82793,0.68385,-0.53882,0.69286,-0.7393,0.4252,0.40424,0.21298,0.36004,1.2217,0.72463,0.54539,-0.24406,-0.50142,0.32275,0.15548,0.25675,0.79389,0.6481,0.57881,0.59587
1.3029,1.3745,1.3763,1.4074,0.93308,1.5443,0.84167,1.1396,1.1136,0.9532,1.3635,1.0549,0.66979,0.89022,1.2674,0.95598,1.636,0.9535,0.6239,0.79734,1.0375,0.18614,1.0206,1.376,1.3258,1.0626,1.3547,0.73535,0.82505,1.0085,0.93046,0.49764,0.60547,0.79172,-0.3818,0.72724,0.69868,0.59813,0.67588,1.4456,1.1151,1.1871,0.44996,0.84571,0.95213,0.92149,0.29908,-0.87093
-0.31572,-0.55537,0.052317,-0.024282,-0.39202,0.25092,0.22342,0.24426,0.13816,-0.40814,0.098883,0.49337,0.38745,-0.11767,0.070181,0.17489,0.29247,0.19626,0.68193,0.15421,0.48699,-0.25615,-0.13087,-0.59623,0.83709,-0.066032,0.28199,0.1624,0.55639,0.08012,1.3995,0.96145,1.3088,0.60779,-0.11427,0.51263,0.43675,1.5167,0.63066,0.52356,1.2499,0.6528,0.73487,0.71829,-1.5318,-0.68593,0.048197,-0.047304
-0.90456,-0.7456,-1.2224,-0.29167,-1.2184,-1.0959,-1.5118,-1.4924,-0.55682,-0.47589,-1.2,-1.1741,0.062674,-1.9555,-1.8447,-1.175,0.30727,-0.89823,-1.5339,-1.2379,-1.3495,-2.1653,-0.84985,-1.4075,-2.0999,-0.71603,-0.87038,-2.3944,-1.922,-0.31706,-0.95428,0.42377,-2.4242,-0.12587,-0.0016557,-0.70358,-2.2128,-2.0331,-0.27025,-0.95319,-2.3086,0.46483,-3.3388,-1.6344,-2.167,-0.34357,-1.5269,0.47737
1.5024,1.4342,1.2254,0.91816,1.422,1.5785,1.4923,0.86697,1.0552,1.6543,1.68,1.3472,1.4079,1.4122,1.0504,1.084,1.6092,1.0613,1.2991,1.411,0.14841,1.1345,1.39,0.90094,0.90993,0.59262,0.77062,1.0307,1.0168,1.0118,0.96869,1.4575,0.69016,1.1044,1.5557,1.1934,1.019,0.50835,1.1496,0.26401,1.3478,0.47535,0.12084,0.73826,0.95213,0.45045,0.69646,1.0408
1.4409,1.4682,1.4352,1.5519,1.57,1.4782,1.3297,1.0887,1.0806,1.4654,1.3559,1.2144,1.0932,1.237,1.3672,1.2926,0.54457,1.3407,1.2181,0.98954,0.73613,1.0395,1.2218,1.0607,0.99526,1.4254,0.93829,0.84415,1.0831,1.0488,1.4436,0.93489,1.3088,1.2159,1.4681,1.1328,-0.31809,0.5095,0.92433,-0.035436,1.0782,0.91077,0.9205,0.82063,0.86541,0.69061,0.5344,0.6406
1.4345,1.4543,1.364,1.3862,0.80602,0.94696,1.2306,0.7953,1.3681,1.1671,0.93546,0.94181,1.2005,0.72969,0.89692,0.61851,0.94601,1.1166,1.2573,0.52589,1.1042,1.3563,1.3685,-0.52659,0.82184,0.94098,0.65857,0.076716,0.58891,0.54812,-0.18609,0.79418,0.33827,1.1792,1.0042,0.43634,1.1043,0.97321,0.4797,0.56457,1.0173,0.51512,0.9205,1.1914,0.15521,0.2401,0.62322,0.68533
-0.95774,-0.67546,-1.1969,-0.86319,-1.5958,-0.40483,-1.2436,-1.431,-1.7015,-0.81489,-1.5851,-1.1077,-1.6512,-0.38195,-1.7021,-1.1644,-1.3098,-1.2113,-1.5024,-0.51642,-1.9281,-1.5725,-1.3221,-1.4624,-0.18623,-1.4817,-0.56673,-0.33713,-1.4288,-0.041049,-1.218,-0.97757,-0.49,-1.2224,-2.1596,0.032664,-1.2177,-0.059236,-0.95784,-1.6459,-1.927,-0.63555,-1.0414,-2.2087,-2.167,-0.85295,-1.4092,-0.70769
-0.87676,-0.86502,-0.98652,-1.3199,-1.284,0.84088,-1.4046,-1.1172,-1.4553,-0.96958,-1.7631,-1.2852,-1.6472,-1.512,-1.702,-1.8359,-2.0462,-1.2766,-0.46951,-2.1903,-0.79706,-0.3795,-0.50689,-1.512,-0.17698,-1.6139,-2.1868,-2.1804,-0.30894,-1.3888,-0.89707,-1.463,-2.0633,-1.2971,-0.31095,-1.7268,-0.23957,-2.2961,-2.2597,-0.33522,-0.6629,-1.6169,-0.97259,-1.7148,-1.0784,-2.1182,-0.74743,-1.3941
-0.91603,-0.92081,-1.132,-1.401,-1.5078,-1.2707,0.76889,-1.7954,-1.7015,-0.17191,-0.70681,-1.5511,-0.021287,-1.1338,-1.5703,-1.7045,-1.0025,-1.7114,-1.8142,-0.30243,-0.70939,-1.0162,-2.0004,-1.8903,-2.7434,-1.568,-2.0727,-3.0449,-1.997,-1.4133,-1.9477,0.50776,-1.5536,-1.2689,0.053248,-1.8518,-2.1303,0.5095,-2.0797,0.6243,-1.927,-1.9974,-1.5383,-1.4297,0.24193,-2.4123,-0.39446,-2.704
1.3424,1.3091,1.3128,0.87131,0.92637,1.0086,1.2411,0.91017,1.199,1.0898,1.3093,1.0551,0.94696,1.2886,1.1039,1.3358,1.3389,1.028,0.73171,0.70094,0.51433,0.93601,0.5736,1.2366,0.84885,0.96919,0.72964,1.4271,-0.56373,0.32776,0.58357,-0.33561,1.4035,0.025466,0.35092,1.1591,0.3253,-0.17336,0.18494,-0.12771,0.85359,0.59467,-0.39627,0.9616,0.24193,0.69624,-0.17742,0.43264
-0.93082,-0.96876,-0.97417,-1.5913,-1.5818,-1.1901,-0.98298,-1.3102,-1.4659,-1.1263,-1.9884,-1.9137,-1.7022,-1.3517,-1.1785,-2.0536,-0.18539,-1.7114,-0.46656,-1.4819,-1.2665,-1.8895,-0.57969,-2.0015,-0.13457,-2.2035,-1.1375,-0.78447,-0.076815,-1.7021,-1.8186,-2.854,0.4252,0.46441,-2.7979,-0.64617,-0.2006,-0.78759,-2.0702,-1.5797,-1.9403,-0.72737,-0.57441,-0.13908,-0.8486,-1.6966,-1.9208,-2.704
-0.29596,-0.57552,0.096048,-0.57139,-0.21509,-0.58949,-0.49101,-0.61543,-0.048857,-0.36279,0.073455,-0.094401,0.76608,0.38757,0.20841,-0.33897,0.48785,-0.49764,-0.33931,-0.32404,-0.42242,-0.54605,0.29261,0.70738,0.35684,0.10717,0.14785,0.70997,0.22379,0.29117,-0.27881,0.36852,0.35194,0.23145,0.72407,-0.13315,-0.40338,1.2056,0.023419,0.6164,-0.73407,-0.49041,1.0263,0.40401,0.44112,0.964,0.76971,0.68533
1.5,1.4811,1.4858,1.4687,1.013,1.2005,1.1283,1.308,0.9216,1.5783,0.9658,1.1594,1.4406,0.77909,1.2148,0.63793,-0.058618,0.30154,1.0227,1.3788,1.2527,0.785,1.0558,0.20482,0.16086,1.1629,0.95043,0.43156,0.4903,1.2145,0.79208,1.1933,0.74205,1.0442,0.52614,0.94847,1.0399,0.45875,0.23446,0.040681,1.3108,0.59467,1.3835,1.0639,1.3401,0.87898,0.65205,0.87761
1.4367,1.3317,1.3861,0.86416,1.4007,1.2956,1.4671,0.9895,1.0055,1.4207,1.2975,0.71965,1.0524,1.5112,1.1597,0.79473,0.050298,0.46315,0.49813,1.5436,0.66492,1.2169,0.42921,1.103,0.8276,1.3938,0.34404,0.69968,1.2135,0.59572,0.90367,1.2557,0.88241,0.96332,1.207,1.254,0.77972,0.5764,0.58115,0.85242,0.4541,1.1215,0.96042,0.08047,0.79389,1.3444,1.0938,0.40359
-0.40156,-0.43415,-0.34551,0.26806,-0.24079,-0.065973,0.14326,-0.13428,-0.10387,-0.2951,-0.28534,0.019874,0.17458,0.37809,-0.54298,1.0931,0.99466,0.20815,0.38276,-0.15777,0.52253,0.9092,0.52072,-0.041993,-0.49941,0.65113,-0.22183,0.50107,1.5133,0.97147,-0.28235,0.33265,0.8915,1.3654,1.0231,0.013569,0.67352,1.0953,0.10747,0.87594,-0.40264,1.0109,-0.37685,0.18792,0.70717,0.87898,-0.10664,1.0856
-0.86167,-0.77,-0.7142,-0.043146,-1.3553,-1.1944,-0.76734,-1.5406,-1.5286,-1.2521,0.10446,-1.6499,-1.6163,-1.2376,-0.98154,-1.7133,-1.2464,-1.5483,0.19459,-1.0602,-1.5997,-0.5702,-1.4394,-1.4324,-0.157,-1.24,-1.385,-1.1081,-1.1521,-1.3674,-0.93426,-1.3513,0.15801,-1.2863,-2.032,-1.073,-0.59284,0.47048,-1.3125,-0.85723,-0.035195,-1.4061,-1.617,-0.90861,-0.26667,-0.79643,0.29321,-1.1079
-0.79145,-0.84636,-0.88533,-0.88855,-0.81208,-1.2775,-0.91194,-1.6332,-0.026171,-1.4855,-1.3285,-0.82437,-1.0041,-0.9334,-1.6507,-0.81736,0.61351,-1.3742,0.31281,-1.519,0.35085,0.040388,-1.3111,0.33741,-0.73003,-0.68681,-0.22145,-0.74611,-1.2528,-0.64002,-2.4657,0.39279,-1.6411,-0.83795,-1.1411,-1.0673,-1.1473,-1.4395,0.2844,-2.1161,-1.6028,0.2541,-0.071438,-0.97515,-0.26667,-1.0942,-1.246,0.56683
-0.73597,-0.67684,-0.43831,-0.78359,0.85871,-0.5717,0.51826,-0.19633,0.020882,0.27507,-0.49446,-0.24484,0.11602,-0.83161,-0.38904,0.40668,-1.0883,-0.52651,0.558,0.40498,-0.75858,-0.029845,0.14896,0.012528,0.77959,-0.48448,-0.11649,0.62056,1.2418,-0.8655,0.67341,0.76182,0.35846,-0.46575,-0.7451,-1.1033,0.26369,0.70105,0.43812,1.0853,-1.927,0.33022,-0.22242,-0.51257,-0.19182,-1.0942,-0.34537,1.0856
-0.84261,-0.77625,-1.1594,-0.65092,-0.24686,-0.75694,-1.0184,-0.61424,-1.3977,-0.56294,-1.4899,-0.91687,-1.3481,-1.7689,-1.8447,-0.57632,-1.6879,-0.91159,-1.1736,0.0034872,-0.94775,0.20741,-1.3377,-1.7504,-0.75965,-1.0443,-0.85769,-1.7461,-1.7372,-0.73816,0.10482,-0.75154,-2.0575,-0.34358,-0.030841,-0.24569,-0.68049,-1.1004,-0.14352,0.34124,-0.59928,-1.805,-0.59193,-1.4297,0.055539,-1.6604,-0.18712,-1.3941
-0.80901,-0.86774,-1.2086,-1.4541,-1.21,-1.2818,-1.4772,-0.71508,-0.80421,-0.84549,-0.15412,-1.0934,-1.8297,-1.7132,-1.3762,-1.9492,-0.51524,-1.6742,-0.86294,-0.79058,-1.426,-0.90821,-1.113,-1.4911,-0.90789,0.20053,0.23098,-2.4452,-1.1348,0.37575,-0.27594,-2.854,-0.31415,-0.21538,-1.018,-1.7715,-1.9597,-0.17336,-2.3482,-0.83649,-0.69713,-1.4332,-1.6441,-1.3208,0.90877,-1.0942,-1.6629,-2.276
1.3373,1.3254,1.1267,1.1519,1.0215,0.79807,0.66999,0.90091,1.2092,1.0756,1.3423,1.2943,0.67946,1.1482,0.70547,0.95526,-0.084093,0.68408,0.71496,0.86278,1.0094,1.4305,0.6044,1.1686,0.69901,0.85879,0.8952,-0.034008,0.29543,1.2231,0.61835,0.72031,1.2141,1.0908,1.2464,1.4646,0.81191,1.0284,0.97262,0.43719,0.48615,0.76563,0.77479,1.23,1.4116,1.1467,0.62322,0.84857
-0.91359,-0.82516,0.57057,-0.37228,-1.3428,0.84302,-1.3096,-0.89791,-1.0373,-0.86012,-1.1925,-1.4132,-0.1691,-0.97934,-1.4646,-1.371,-1.1248,-1.4256,-0.98202,-1.3535,-1.6331,-1.8736,-1.8019,-1.5984,0.18126,-2.3314,-1.3772,-0.9238,-1.4325,-0.93014,-0.65741,-0.90721,-1.2854,-0.5175,-1.3145,-1.0042,-0.82535,-1.0307,-1.7007,-0.95319,-1.5489,-0.86959,-1.0784,-1.1519,-0.96348,-1.9218,-0.39359,-1.3034
-0.84668,-0.81352,-0.93982,-1.3114,-1.1586,-1.1263,-1.6478,-1.5569,0.054105,-0.67158,-0.30666,-1.0799,0.11508,-1.406,-1.1368,-1.4627,0.19973,-1.453,-1.1771,-0.20977,-1.649,-1.3335,-0.25384,-0.22121,-1.1503,-0.75746,-1.4514,-0.88258,-0.60544,-0.44726,-0.74485,-0.43287,-1.6224,-2.3211,-1.0827,-0.81327,-1.3152,0.71906,0.29694,0.24652,-1.2575,-0.9381,-0.51912,-1.3089,-1.9913,0.075682,-0.18712,-0.65047
-0.65592,-0.72141,-0.6348,-0.78231,-0.59359,-0.75373,-0.63001,-0.072956,-0.45416,-1.035,-0.40593,0.27173,-0.24404,0.059601,0.1429,0.22654,1.4991,-1.3121,-0.92814,0.3254,0.25372,-0.55728,-0.61102,-0.018552,0.51394,-0.90222,0.77818,0.30944,-0.52438,0.78345,-0.40047,0.19103,-0.04184,0.20285,-0.04118,-0.34597,0.76307,-0.033987,-1.0872,1.1451,0.15359,-1.6566,0.15412,0.53869,0.95213,0.35835,1.2559,-0.76579
-0.20331,-0.5621,-0.18565,-0.16265,-0.37309,-0.7453,-0.20941,-0.40896,0.80492,-0.48587,0.19442,0.15286,1.2167,-0.28269,0.43015,-0.54831,0.34927,-0.061511,0.77997,0.69888,0.5549,0.097962,-0.58193,0.11153,-0.31416,0.31851,-0.095065,0.66593,0.7749,-1.1265,-0.15624,0.82425,0.49171,-0.1523,0.026071,0.52971,0.29311,0.418,0.23919,0.78478,1.189,-0.63555,0.98635,-0.43124,0.79389,-0.68886,0.34349,0.40359
-0.73583,-0.79273,-1.0565,-1.268,-1.2627,-0.91985,-0.78186,-1.4092,-1.2012,-0.93529,-1.3823,-1.4336,-1.9695,0.55935,-1.1897,-1.6065,-2.314,-1.2437,-1.7144,-0.05012,-0.33006,-1.3469,-0.61644,0.25104,0.21768,-1.7856,-1.8869,-0.13536,-0.89136,-0.67768,-0.044653,-0.70317,-2.0575,-0.58968,-1.1916,0.80754,0.98676,-0.70153,-0.82734,-0.95319,-0.50142,0.29913,-0.80348,-0.54032,-0.8486,-1.9218,-0.20039,-0.65047
1.3593,1.3453,1.3367,1.0683,1.2247,1.4019,1.2981,0.85603,0.59425,1.1938,1.3319,1.3985,1.3132,0.98678,1.2916,0.98659,0.69753,1.0925,1.3447,0.94595,1.5115,0.17358,1.4129,0.80572,1.1777,0.87687,1.1368,0.90705,0.80324,0.7206,0.64662,1.0526,1.2828,0.59406,-0.19035,1.1328,0.43151,0.91803,0.12123,1.0081,1.1151,0.3389,0.88057,0.73826,0.19284,0.964,0.76384,0.92234
1.4407,1.3712,1.3524,1.1001,1.531,1.5112,1.6642,1.212,1.2786,1.4459,1.6193,0.78501,1.0363,0.94074,1.0182,0.84004,1.5215,1.5173,0.62244,0.93201,0.73121,0.44305,0.92519,0.32353,-0.0038153,1.2154,1.0693,0.74966,0.89348,0.57237,1.0411,1.0052,0.35647,0.96791,0.75326,0.22574,0.76307,0.066368,0.93686,0.031098,-0.010079,-0.74145,0.85464,1.1277,1.2968,-0.19208,0.81412,0.80384
-0.37132,-0.34881,-0.17484,0.32608,0.095865,0.3423,0.40384,0.87865,0.63339,-0.43855,0.08262,0.45101,-0.15849,0.49558,0.2182,0.78531,0.8654,0.73385,0.86174,0.53499,0.32903,0.3842,-0.071916,0.27569,0.25085,-0.34022,-0.12426,-0.094756,1.256,-1.4095,0.98756,0.64268,0.87043,0.8367,-0.48831,0.83785,0.88056,0.80768,0.70691,-0.41627,-0.47977,0.35946,0.30426,0.61594,0.28529,-0.2749,0.93178,0.83288
-0.63005,-0.29598,-0.46786,0.026122,0.04534,-0.32218,-0.61062,0.43436,-1.015,-0.22644,-0.33571,0.46049,0.31556,0.28923,0.38975,0.60809,0.77506,0.5731,0.81151,-0.013644,0.31422,0.63143,-0.26486,-0.51022,0.29041,1.0525,-0.43369,-0.025247,-0.058794,1.0646,0.60245,0.57959,0.49737,1.0626,-0.17688,-0.80811,0.51957,-0.29397,0.13069,0.83973,0.18769,0.91077,0.9205,0.43635,1.0236,-0.78283,0.93178,0.61155
-0.97033,-0.85641,-0.67673,-1.401,-1.6788,0.092447,-1.0812,-1.4953,-0.8975,-1.1067,-1.2979,-1.1111,-0.95981,-1.4123,-0.3374,-1.0865,-1.56,-1.0319,-1.5117,-0.68855,0.10675,-1.264,-0.18827,-1.6669,0.20826,-1.972,-1.3943,-0.5398,-1.4604,-2.7728,-0.39945,-1.1714,-1.5704,-2.1609,-1.9254,-1.1779,-2.8171,-2.0331,-1.8016,0.42449,-0.6629,-0.59578,-1.4326,-1.8391,-0.053601,-1.0942,-1.5269,-1.2461
1.4346,1.3253,1.1918,1.0015,1.1776,1.3896,0.88962,0.94004,1.061,1.4494,1.5221,1.2302,1.4461,0.68133,0.88005,1.3189,0.65352,1.0309,0.71203,1.1399,0.73607,0.43812,1.2611,1.1656,0.44019,0.16821,0.59937,0.13899,1.0199,1.1804,0.52918,0.62691,1.1454,0.76349,0.87972,0.77219,0.88056,0.22632,0.68964,0.83973,0.78461,1.5377,0.20597,0.98669,1.067,1.0766,0.52852,0.87761
1.4899,1.4223,1.471,1.1959,1.3263,1.5575,1.3845,1.1046,0.92089,0.87869,1.6027,1.3198,1.1326,0.76207,0.97935,0.80462,0.94921,1.0355,0.83184,1.3865,1.2629,1.3429,0.76975,1.0368,1.0454,1.105,1.4194,1.0057,0.68914,0.4643,0.73406,0.59593,1.0213,1.1228,0.478,1.1131,0.81617,0.97321,0.048492,0.64179,1.1151,1.0559,-0.053006,0.18792,0.67328,0.69624,0.85853,1.2488
-0.67099,-0.60299,-0.56745,0.59764,-0.86157,-0.32806,-0.39033,0.91768,-0.28645,0.2031,-0.32838,-0.044061,0.043548,0.018686,0.29197,0.13973,1.0404,-0.41139,-0.43472,0.12525,0.25507,0.25514,0.39994,0.5521,0.28142,0.026285,-0.17728,0.20113,-0.10173,0.81435,-0.71395,0.74458,0.42297,-0.41354,0.75326,0.93279,0.82746,0.383,0.67115,0.84452,0.64004,0.8054,-0.12536,0.782,-0.16848,0.51349,0.048197,1.3226
-0.82866,-0.80993,-1.0042,-1.1846,-1.2513,-0.50582,-0.10718,-1.7602,-1.0889,0.30235,-0.91551,-0.75183,-1.2118,0.0048061,-0.96357,-1.2589,-1.5957,-1.0753,-0.9989,0.14729,-0.27628,-1.2226,-2.1801,0.16244,-2.4456,-1.1219,-1.2924,-0.68624,-2.2631,-0.74241,-0.41206,-0.7781,-0.0011829,-1.0521,0.23194,-0.11011,-0.36984,-0.99829,-1.7007,-0.63454,-2.6905,-0.51273,0.21997,-1.1519,-0.8486,0.14946,-0.34537,-0.48636
1.2998,1.4549,1.2393,1.1159,1.2363,1.5208,1.4175,1.383,1.7236,1.1994,0.72036,1.3237,1.3743,0.93343,1.0803,1.3054,0.98262,1.654,1.0479,1.157,1.5173,0.66075,-0.019797,1.1976,0.90309,1.3104,0.48161,0.52137,1.2025,0.66045,0.87095,0.15018,0.42863,1.4218,0.031391,0.83124,1.0833,0.84671,0.15391,0.27671,0.22144,1.0161,0.81472,0.77689,1.067,0.66863,0.48411,1.3673
-0.774,-0.84896,-1.1531,-1.4855,-1.034,-0.19065,0.53513,-0.57452,-1.5246,-0.91469,-1.026,-1.5947,-0.88568,-1.3283,-0.89655,-1.9117,-1.9987,0.40903,-2.0546,0.043368,-1.7971,-0.69948,0.46715,-0.91172,-1.8811,-1.9512,-0.49265,-1.2193,-1.643,-0.51129,-1.0052,-2.1289,0.24494,-0.69803,-0.94068,-1.4939,-1.9122,-2.0331,-1.6189,-0.22436,0.24543,-1.6997,-1.8059,-2.3995,0.0064439,-0.83096,-0.83157,0.68533
-0.7204,-0.79402,-1.1086,-1.192,-0.91585,-1.3407,-1.253,-1.0591,-0.86283,-0.67513,-0.5574,-0.67613,-1.5033,-1.7846,-0.84859,-1.1543,0.44228,-2.2946,-1.3596,-0.83146,-0.82724,-1.4315,-0.3469,-0.68215,-1.9328,-0.046162,-0.79504,-1.4679,-0.81059,-0.62798,0.039238,-2.1866,-1.3237,-0.2436,-0.49317,-0.83388,-0.66353,-2.7416,-2.0797,-1.1205,-0.044967,-1.4729,-0.17722,0.46772,-1.8764,0.30094,-1.1035,-1.6311
1.4135,1.4477,1.5763,1.4044,1.2476,0.6799,1.4115,1.4894,1.4549,1.5775,1.6477,1.0043,1.4615,1.4578,0.96644,1.1054,0.23318,0.52043,1.2241,0.73756,1.455,0.70749,1.0687,1.0914,1.1978,1.105,1.0852,0.62802,0.6406,0.86644,1.0317,1.176,0.7926,0.70705,0.73916,1.0828,1.019,0.72463,0.52217,0.45592,0.5649,0.871,0.15855,0.84571,0.16801,1.5271,1.2115,0.80384
-0.85548,-0.80668,-1.3272,-1.0702,-1.258,-1.3001,-0.42623,-1.5221,-1.2837,-1.0167,-1.1494,-1.4622,-1.6382,-1.6254,-1.1881,-1.5932,-1.4129,-1.3797,-0.82898,-1.2241,-1.0045,-1.6458,-0.71384,-1.4376,-1.6471,-1.0995,0.17113,-0.85949,-2.2499,-1.6777,-0.49317,-0.23031,-1.5536,-0.090935,-0.7734,-2.0901,-0.90183,-0.43777,-1.7007,-2.0297,-0.74936,-0.10597,-1.5112,-1.456,-0.78622,-1.5053,-2.4538,-1.8323
-0.93128,-0.92355,-1.1357,0.49372,-1.3462,-0.14623,-0.88846,-1.2176,-1.2065,-0.47921,-0.71383,-1.0201,-1.6612,-1.0384,-1.0055,-1.147,0.30159,0.43894,-0.97175,-1.4162,-0.16575,-0.31534,-0.35888,-0.35179,-0.9221,-1.5369,-2.5801,-0.71122,-2.4043,-0.93014,-1.6993,-1.2521,0.079288,-2.3211,0.13057,0.28821,-0.45444,0.31937,0.035956,-2.3976,-1.468,-0.55349,-2.1232,-0.72805,0.44112,-1.9643,-2.1562,-0.053221
-0.91839,-0.70933,-0.99291,-0.48855,-0.91663,-1.0437,-1.5503,-1.3401,-1.0844,-1.252,-0.29304,-0.87479,0.10739,-1.575,-1.896,-1.147,-0.049271,-0.36532,-1.0057,-0.81745,-1.6087,0.29914,-0.32727,-0.13019,-1.585,-0.58711,-1.8381,-1.1562,-0.61146,0.40237,0.19855,-1.2856,-0.63656,0.21561,-0.51312,-0.98514,-1.303,-0.6798,-0.64042,-0.38025,-0.34498,-1.9974,0.98635,-0.78363,0.56414,-0.11977,-0.6695,-0.2455
-0.77049,-0.80881,-0.52755,0.62954,-0.81691,-0.96761,-0.16565,-1.1471,-1.2839,-0.34705,-0.50453,-1.3721,-0.21291,-0.16725,-1.1111,-1.6097,0.48749,-1.4787,0.28941,-0.51125,-2.1858,-1.6298,-1.5724,-0.073293,-0.97905,-0.31301,-1.7595,-1.6059,-0.46321,-1.3692,-1.9477,-1.7465,-0.91936,-0.036919,-1.0235,0.3677,-1.1473,-0.077433,-1.1527,-0.36062,0.89542,-0.36759,0.30426,-1.052,0.40017,-1.4713,-0.11005,0.063754
1.3746,1.2833,1.3551,1.5121,1.1945,1.3597,1.1495,1.1055,0.98416,0.95583,0.77204,0.94304,0.21134,1.0424,1.1503,0.60559,-0.13586,1.2536,1.3861,0.96527,0.38909,0.34702,0.86779,1.1224,0.53627,0.26579,0.94114,0.69637,0.73921,0.99267,1.199,0.32325,0.84448,1.1938,0.44496,1.1934,0.93366,0.65216,1.1138,0.16327,0.68186,1.0559,0.60316,0.32675,0.24193,1.0341,0.69646,0.96707
1.2725,1.415,1.6194,0.96191,0.74044,0.66433,1.2346,1.4007,1.2618,1.2639,1.1121,1.0392,1.0656,1.2151,1.3168,0.91843,0.068975,0.89033,1.2468,1.0535,1.1862,0.44755,0.85041,1.3764,0.65742,0.95745,0.62376,0.68537,0.15139,0.96824,0.54534,1.176,0.76888,1.0014,1.188,0.99846,0.70393,0.37012,0.60437,0.33444,-0.146,0.52907,0.66901,1.4733,0.75053,1.0766,0.52852,0.75911
-0.47289,-0.5868,-0.32453,-0.93463,-0.13413,-0.59317,-0.92684,-0.48565,0.12847,-0.04702,-0.60715,0.51662,0.4809,-0.19744,-0.61128,-0.63434,0.86243,0.6337,0.65884,-0.3671,-0.99243,0.27842,0.11974,-0.92969,0.26352,0.329,-0.4429,0.31869,0.87067,0.028408,0.92015,-0.10231,0.021885,0.52459,-0.48394,-0.51266,1.1574,0.72463,0.90111,-0.20084,0.74767,0.76037,0.40697,-0.62571,-0.50099,0.31022,0.57293,-0.14421
-0.7435,-0.81605,-0.7848,-0.2684,-1.1343,-0.62857,-0.40507,-0.094905,-0.37467,-1.1691,-0.32723,-0.33984,-0.62929,0.21582,-0.96881,0.15541,0.03212,0.36846,0.69511,-0.35853,-2.0354,1.1206,-0.29154,-0.35755,-1.202,0.46079,-1.8381,1.0936,-0.73375,0.60752,0.53149,-0.28692,-0.0097285,-0.51906,1.0003,0.64526,-0.0034889,0.27355,-0.058779,0.2561,-0.4173,-1.5115,1.0263,1.1277,-2.167,0.76635,0.46115,0.54523
-0.87847,-0.84355,-1.088,-0.77293,-1.3185,-0.60074,-1.104,-0.82885,-1.4066,-1.149,-1.5249,-0.89165,-1.8639,-1.1346,-1.3956,0.12669,-2.4173,-0.38202,-0.91384,-0.87016,-1.4697,-1.6879,-0.93885,-0.38835,-2.2206,-0.9683,-0.016019,-1.3105,-1.4325,0.18366,-0.85289,-0.47011,-2.6416,-0.93563,-0.72766,0.22678,-2.8171,-0.55772,-1.3125,-0.9224,-1.3702,-0.65886,-0.58497,-2.594,-1.9618,-0.070176,-1.0396,0.28508
-0.89685,-0.89108,-1.1217,-1.4444,-1.3989,0.76108,-1.6298,-1.3127,-1.4414,-1.734,-1.198,-1.0623,-1.2275,-1.3227,-0.26,-0.87989,-1.2862,-0.68066,-1.5339,-0.29553,0.099657,0.086313,-1.0117,-1.4451,-0.81864,-1.3921,0.1332,-1.2136,-0.038508,-0.1385,-2.8487,-0.99391,-0.43691,0.03715,-2.1596,-0.38661,0.081807,-1.1528,-1.2778,-0.4762,-0.085797,0.10554,-1.0414,-0.3716,0.19135,-1.3619,-1.116,-2.704
1.3968,1.3721,1.1713,1.0337,1.0036,1.5187,1.1825,0.68608,0.75802,1.4413,1.566,0.71533,1.2088,1.1662,1.1952,1.062,0.59753,1.3266,1.3668,0.84061,1.5008,0.45703,1.4129,1.2842,1.2937,1.1798,0.82412,0.65708,1.0469,1.3163,1.2257,1.176,-0.21738,0.62758,1.0042,0.27677,0.010273,1.2725,1.0906,0.77999,1.2259,0.5894,0.31175,0.71829,0.83725,0.87898,0.76971,-0.35809
-0.89636,-0.97119,-1.2696,-0.7715,-0.146,-1.4822,-1.3659,-0.15457,-1.4171,-0.3144,-1.2358,-1.6773,-1.4629,-2.2996,-0.69366,-1.2916,0.07175,-1.9466,-1.6518,-1.6992,-1.5151,-1.8736,-1.4119,-1.7325,-1.1217,-0.87474,-1.5978,-1.2855,-0.17788,-1.583,-0.13977,-0.68037,-1.8045,-1.7384,-0.33152,-0.35102,0.114,-0.89493,-0.73535,-0.59042,0.21656,-2.4994,-1.0784,-0.70392,-1.262,-2.525,-2.5714,0.6406
1.1991,1.3987,1.4189,1.108,0.84732,0.98067,1.3866,0.91201,1.3892,1.5651,1.0922,1.0622,1.0555,1.1623,0.99296,1.1145,0.10013,0.73771,0.68637,0.78684,1.3096,0.72936,1.3937,1.1662,1.1556,1.2046,0.085599,0.91036,0.35503,0.83344,0.78854,0.54282,0.48141,1.048,1.1107,0.90248,1.0399,0.88458,0.090203,0.72025,0.19746,-0.71342,0.70894,0.70474,0.56414,1.0065,0.034927,0.99612
1.4448,1.4198,1.2842,1.287,1.0925,1.8177,1.3156,1.2128,1.1051,0.99748,1.5031,1.2085,0.95731,0.85023,1.2856,1.3407,0.59659,1.5568,1.5196,1.2308,0.89124,0.77601,0.2239,1.2093,0.56302,0.081483,1.0082,1.0395,1.3683,1.5626,-0.085286,0.27512,1.3516,0.098994,1.0815,1.1934,0.52383,0.46317,0.44592,0.17285,0.72369,0.40229,0.76951,0.9616,1.2477,1.2318,0.65205,0.21131
-0.51589,-0.65257,-0.49574,-0.40989,-0.33797,-0.49887,0.39268,-0.25136,0.42644,-0.52679,-0.1784,-0.088061,-0.14575,0.20084,-0.26933,0.24502,-0.29974,0.2402,0.23992,-1.0226,0.13741,-1.6617,-0.11112,-0.23549,-0.24834,-0.49763,0.37483,0.23626,-0.43729,-0.31383,-0.012788,0.55304,0.84105,1.2257,0.25626,-0.40659,0.99805,0.57352,0.18967,0.060516,0.38022,0.4893,0.85464,-1.3977,0.24767,0.6481,0.69646,-0.42595
