C,MaxIter_SLS,Batch_SLS,mu_SLS,K1,K2,MaxIter_Softmax,Batch_Softmax,mu_Softmax,Fscore,Tiempo
10,50,32,0.1,40,21,2500,32,0.1,0.9738282586383852,2.8035576343536377
10,50,32,0.1,40,21,2500,32,0.05,0.9869258705404828,2.7744314670562744
10,50,32,0.1,40,21,2500,32,0.1,0.956922740498058,2.7487804889678955
10,50,32,0.1,40,21,2500,32,0.05,0.9651043448511804,2.7518749237060547
10,50,32,0.1,40,21,2500,32,0.01,0.9825641025641024,2.753089666366577
10,50,32,0.1,40,21,2500,32,0.001,0.9655066557480702,2.784311056137085
10,50,32,0.1,40,21,2500,32,0.0001,0.9696556864768784,2.7545604705810547
10,50,32,0.1,40,21,2500,64,0.1,0.9782135076252724,2.09370493888855
10,50,32,0.1,40,21,2500,64,0.05,0.9831370180207388,2.0909087657928467
10,50,32,0.1,40,21,2500,64,0.01,0.9694936979277932,2.1464831829071045
10,50,32,0.1,40,21,2500,64,0.001,0.973846153846154,2.1697168350219727
10,50,32,0.1,40,21,2500,64,0.0001,0.9704402746847568,2.2288906574249268
10,50,32,0.1,40,21,2500,128,0.1,0.9657412319481286,1.8282358646392822
10,50,32,0.1,40,21,2500,128,0.05,0.991285030758715,1.7623569965362549
10,50,32,0.1,40,21,2500,128,0.01,0.9654334441949036,1.762620210647583
10,50,32,0.1,40,21,2500,128,0.001,0.9694989106753812,1.7943239212036133
10,50,32,0.1,40,21,2500,128,0.0001,0.96514012303486,1.8122899532318115
10,50,32,0.1,40,21,2500,256,0.1,0.973855092276145,1.7135541439056396
10,50,32,0.1,40,21,2500,256,0.05,0.9869258705404828,1.6854510307312012
10,50,32,0.1,40,21,2500,256,0.01,0.9825641025641024,1.6629722118377686
10,50,32,0.1,40,21,2500,256,0.001,0.9563356164383562,1.647252082824707
10,50,32,0.1,40,21,2500,256,0.0001,0.9524231356524738,1.6441168785095215
10,50,32,0.1,40,18,2500,32,0.1,0.978568617584854,2.775156021118164
10,50,32,0.1,40,18,2500,32,0.05,0.9869258705404828,2.7871532440185547
10,50,32,0.1,40,18,2500,32,0.01,0.9781986064207242,2.7668280601501465
10,50,32,0.1,40,18,2500,32,0.001,0.9785219628810244,2.758209466934204
10,50,32,0.1,40,18,2500,32,0.0001,0.9655356253383246,2.7613039016723633
10,50,32,0.1,40,18,2500,64,0.1,0.9872082656849744,2.1226744651794434
10,50,32,0.1,40,18,2500,64,0.05,0.9869281045751634,2.15134596824646
10,50,32,0.1,40,18,2500,64,0.01,0.991285030758715,2.197176933288574
10,50,32,0.1,40,18,2500,64,0.001,0.9607776116214484,2.184644937515259
10,50,32,0.1,40,18,2500,64,0.0001,0.9610613524076758,2.1063106060028076
10,50,32,0.1,40,18,2500,128,0.1,0.9694936979277932,1.758284091949463
10,50,32,0.1,40,18,2500,128,0.05,0.98257006151743,1.72226881980896
10,50,32,0.1,40,18,2500,128,0.01,0.9525311829593998,1.7329230308532715
10,50,32,0.1,40,18,2500,128,0.001,0.9696556864768784,1.7408556938171387
10,50,32,0.1,40,18,2500,128,0.0001,0.970177021379528,1.7376699447631836
10,50,32,0.1,40,18,2500,256,0.1,0.97419295855202,1.573951005935669
10,50,32,0.1,40,18,2500,256,0.05,0.9871733254705392,1.6032195091247559
10,50,32,0.1,40,18,2500,256,0.01,0.9703544935743076,1.594301462173462
10,50,32,0.1,40,18,2500,256,0.001,0.9698356600770746,1.5701661109924316
10,50,32,0.1,40,18,2500,256,0.0001,0.9524630544691748,1.587998628616333
10,50,32,0.1,40,16,2500,32,0.1,0.9442406210444498,2.775315761566162
10,50,32,0.1,40,16,2500,32,0.05,0.9743526789806282,2.842782497406006
10,50,32,0.1,40,16,2500,32,0.01,0.98257006151743,2.988396406173706
10,50,32,0.1,40,16,2500,32,0.001,0.9869258705404828,3.0085694789886475
10,50,32,0.1,40,16,2500,32,0.0001,0.9476565172767704,2.9597666263580322
10,50,32,0.1,40,16,2500,64,0.1,0.991285030758715,2.225837469100952
10,50,32,0.1,40,16,2500,64,0.05,0.9741241731404096,2.108802318572998
10,50,32,0.1,40,16,2500,64,0.01,0.9694936979277932,2.191969871520996
10,50,32,0.1,40,16,2500,64,0.001,0.9869258705404828,2.2050085067749023
10,50,32,0.1,40,16,2500,64,0.0001,0.9563804310639754,2.2182834148406982
10,50,32,0.1,40,16,2500,128,0.1,0.9740092165898616,1.8263652324676514
10,50,32,0.1,40,16,2500,128,0.05,0.978209784234138,1.852766752243042
10,50,32,0.1,40,16,2500,128,0.01,0.991285030758715,1.8155262470245361
10,50,32,0.1,40,16,2500,128,0.001,0.9782135076252724,1.8287744522094727
10,50,32,0.1,40,16,2500,128,0.0001,0.9307614445322708,1.7796790599822998
10,50,32,0.1,40,16,2500,256,0.1,0.9742151773120652,1.5994696617126465
10,50,32,0.1,40,16,2500,256,0.05,0.98257006151743,1.6785202026367188
10,50,32,0.1,40,16,2500,256,0.01,0.9869258705404828,1.582810878753662
10,50,32,0.1,40,16,2500,256,0.001,0.982903692623097,1.5940477848052979
10,50,32,0.1,40,16,2500,256,0.0001,0.9433163766938828,1.6293082237243652
10,50,32,0.1,40,12,2500,32,0.1,0.97419295855202,2.7649612426757812
10,50,32,0.1,40,12,2500,32,0.05,0.9828496749986098,2.7736427783966064
10,50,32,0.1,40,12,2500,32,0.01,0.9738282586383852,2.726557731628418
10,50,32,0.1,40,12,2500,32,0.001,0.9694936979277932,2.743262767791748
10,50,32,0.1,40,12,2500,32,0.0001,0.9651282051282052,2.7641208171844482
10,50,32,0.1,40,12,2500,64,0.1,0.9694989106753812,2.0163543224334717
10,50,32,0.1,40,12,2500,64,0.05,0.978209784234138,2.0059478282928467
10,50,32,0.1,40,12,2500,64,0.01,0.9651043448511804,1.993852138519287
10,50,32,0.1,40,12,2500,64,0.001,0.973846153846154,1.998882532119751
10,50,32,0.1,40,12,2500,64,0.0001,0.956788554455316,1.9981284141540527
10,50,32,0.1,40,12,2500,128,0.1,0.9694519317160828,1.682053804397583
10,50,32,0.1,40,12,2500,128,0.05,0.98287926135597,1.6981427669525146
10,50,32,0.1,40,12,2500,128,0.01,0.9956427015250544,1.6575419902801514
10,50,32,0.1,40,12,2500,128,0.001,0.9651043448511804,1.702263355255127
10,50,32,0.1,40,12,2500,128,0.0001,0.9489031780053452,1.685892105102539
10,50,32,0.1,40,12,2500,256,0.1,0.9698001662745376,1.5058519840240479
10,50,32,0.1,40,12,2500,256,0.05,0.9781986064207242,1.4935712814331055
10,50,32,0.1,40,12,2500,256,0.01,0.973855092276145,1.4988813400268555
10,50,32,0.1,40,12,2500,256,0.001,0.9694989106753812,1.478971004486084
10,50,32,0.1,40,12,2500,256,0.0001,0.922067862147114,1.4780468940734863
10,50,32,0.1,40,10,2500,32,0.1,0.9871733254705392,2.6204326152801514
10,50,32,0.1,40,10,2500,32,0.05,0.98287926135597,2.664400815963745
10,50,32,0.1,40,10,2500,32,0.01,0.961518647635765,2.6487679481506348
10,50,32,0.1,40,10,2500,32,0.001,0.98257006151743,2.6512250900268555
10,50,32,0.1,40,10,2500,32,0.0001,0.960723912206392,2.6333179473876953
10,50,32,0.1,40,10,2500,64,0.1,0.9656377097393432,1.9926161766052246
10,50,32,0.1,40,10,2500,64,0.05,0.9825641025641024,1.974717378616333
10,50,32,0.1,40,10,2500,64,0.01,0.9788353951232908,1.995485782623291
10,50,32,0.1,40,10,2500,64,0.001,0.973855092276145,1.9775676727294922
10,50,32,0.1,40,10,2500,64,0.0001,0.9610241295833416,1.973310947418213
10,50,32,0.1,40,10,2500,128,0.1,0.9825641025641024,1.6452102661132812
10,50,32,0.1,40,10,2500,128,0.05,0.9651282051282052,1.6441657543182373
10,50,32,0.1,40,10,2500,128,0.01,0.9657596585381164,1.6372625827789307
10,50,32,0.1,40,10,2500,128,0.001,0.973855092276145,1.6597082614898682
10,50,32,0.1,40,10,2500,128,0.0001,0.944683229630937,1.6570494174957275
10,50,32,0.1,40,10,2500,256,0.1,0.9825641025641024,1.4705042839050293
10,50,32,0.1,40,10,2500,256,0.05,0.9695639943741212,1.4471185207366943
10,50,32,0.1,40,10,2500,256,0.01,0.9740092165898616,1.4627606868743896
10,50,32,0.1,40,10,2500,256,0.001,0.9747134208933868,1.463609218597412
10,50,32,0.1,40,10,2500,256,0.0001,0.956922740498058,1.4402897357940674
10,50,32,0.1,40,9,2500,32,0.1,0.9655702917771884,2.6447978019714355
10,50,32,0.1,40,9,2500,32,0.05,0.9611745193675968,2.613487720489502
10,50,32,0.1,40,9,2500,32,0.01,0.956788554455316,2.619236707687378
10,50,32,0.1,40,9,2500,32,0.001,0.978209784234138,2.706374168395996
10,50,32,0.1,40,9,2500,32,0.0001,0.978209784234138,2.6550097465515137
10,50,32,0.1,40,9,2500,64,0.1,0.9915655641599198,1.9726512432098389
10,50,32,0.1,40,9,2500,64,0.05,0.9654334441949036,2.0010952949523926
10,50,32,0.1,40,9,2500,64,0.01,0.9869281045751634,1.9427742958068848
10,50,32,0.1,40,9,2500,64,0.001,0.9738282586383852,1.9727098941802979
10,50,32,0.1,40,9,2500,64,0.0001,0.97419295855202,1.9891645908355713
10,50,32,0.1,40,9,2500,128,0.1,0.98257006151743,1.6430881023406982
10,50,32,0.1,40,9,2500,128,0.05,0.9783625472216076,1.6575145721435547
10,50,32,0.1,40,9,2500,128,0.01,0.9827547363031234,1.6568396091461182
10,50,32,0.1,40,9,2500,128,0.001,0.9869258705404828,1.6870129108428955
10,50,32,0.1,40,9,2500,128,0.0001,0.9319948025830378,1.614290475845337
10,50,32,0.1,40,9,2500,256,0.1,0.9563962633386256,1.4426589012145996
10,50,32,0.1,40,9,2500,256,0.05,0.9613944855851624,1.4304499626159668
10,50,32,0.1,40,9,2500,256,0.01,0.9782135076252724,1.4376566410064697
10,50,32,0.1,40,9,2500,256,0.001,0.9660833412955654,1.4437100887298584
10,50,32,0.1,40,9,2500,256,0.0001,0.9743526789806282,1.4322175979614258
10,50,32,0.1,40,6,2500,32,0.1,0.9655066557480702,2.58189058303833
10,50,32,0.1,40,6,2500,32,0.05,0.9872356399108904,2.563152551651001
10,50,32,0.1,40,6,2500,32,0.01,0.9825641025641024,2.628986358642578
10,50,32,0.1,40,6,2500,32,0.001,0.991285030758715,2.5708160400390625
10,50,32,0.1,40,6,2500,32,0.0001,0.953180115489114,2.63920259475708
10,50,32,0.1,40,6,2500,64,0.1,0.9869281045751634,1.9249589443206787
10,50,32,0.1,40,6,2500,64,0.05,0.991285030758715,1.9402899742126465
10,50,32,0.1,40,6,2500,64,0.01,0.98287926135597,2.005225896835327
10,50,32,0.1,40,6,2500,64,0.001,0.956788554455316,1.9218246936798096
10,50,32,0.1,40,6,2500,64,0.0001,0.9613944855851624,1.9002516269683838
10,50,32,0.1,40,6,2500,128,0.1,0.973855092276145,1.599062442779541
10,50,32,0.1,40,6,2500,128,0.05,0.9700557811237516,1.595076322555542
10,50,32,0.1,40,6,2500,128,0.01,0.9654334441949036,1.6253464221954346
10,50,32,0.1,40,6,2500,128,0.001,0.978209784234138,1.6798558235168457
10,50,32,0.1,40,6,2500,128,0.0001,0.9355435264044768,1.6122677326202393
10,50,32,0.1,40,6,2500,256,0.1,0.9741241731404096,1.3950612545013428
10,50,32,0.1,40,6,2500,256,0.05,0.9781986064207242,1.4158947467803955
10,50,32,0.1,40,6,2500,256,0.01,0.9828496749986098,1.4432153701782227
10,50,32,0.1,40,6,2500,256,0.001,0.9608669928133016,1.420931339263916
10,50,32,0.1,40,6,2500,256,0.0001,0.9267493034308056,1.4025814533233643
10,50,32,0.1,40,5,2500,32,0.1,0.978209784234138,2.592555046081543
10,50,32,0.1,40,5,2500,32,0.05,0.98287926135597,2.5470542907714844
10,50,32,0.1,40,5,2500,32,0.01,0.9607776116214484,2.569634199142456
10,50,32,0.1,40,5,2500,32,0.001,0.9869281045751634,2.5575084686279297
10,50,32,0.1,40,5,2500,32,0.0001,0.9694519317160828,2.596966028213501
10,50,32,0.1,40,5,2500,64,0.1,0.9566827706755724,1.9228515625
10,50,32,0.1,40,5,2500,64,0.05,0.9825641025641024,1.9207942485809326
10,50,32,0.1,40,5,2500,64,0.01,0.9956427015250544,1.8849244117736816
10,50,32,0.1,40,5,2500,64,0.001,0.9694780489890138,1.886364459991455
10,50,32,0.1,40,5,2500,64,0.0001,0.9564102564102566,1.8916168212890625
10,50,32,0.1,40,5,2500,128,0.1,0.9869281045751634,1.5735883712768555
10,50,32,0.1,40,5,2500,128,0.05,0.973846153846154,1.561171293258667
10,50,32,0.1,40,5,2500,128,0.01,0.9611493572731248,1.5746607780456543
10,50,32,0.1,40,5,2500,128,0.001,0.9782135076252724,1.5626296997070312
10,50,32,0.1,40,5,2500,128,0.0001,0.9397812509807616,1.581864595413208
10,50,32,0.1,40,5,2500,256,0.1,0.9537964893182924,1.434410810470581
10,50,32,0.1,40,5,2500,256,0.05,0.9785219628810244,1.4757006168365479
10,50,32,0.1,40,5,2500,256,0.01,0.978209784234138,1.4687674045562744
10,50,32,0.1,40,5,2500,256,0.001,0.9654923365093596,1.4325346946716309
10,50,32,0.1,40,5,2500,256,0.0001,0.9431998286571,1.3913872241973877
10,50,32,0.1,40,4,2500,32,0.1,0.9742882404951372,2.546562671661377
10,50,32,0.1,40,4,2500,32,0.05,0.9782135076252724,2.5309689044952393
10,50,32,0.1,40,4,2500,32,0.01,0.9694936979277932,2.782461404800415
10,50,32,0.1,40,4,2500,32,0.001,0.9781986064207242,2.7363173961639404
10,50,32,0.1,40,4,2500,32,0.0001,0.9745315883626778,2.7198269367218018
10,50,32,0.1,40,4,2500,64,0.1,0.9783997018434104,1.9999020099639893
10,50,32,0.1,40,4,2500,64,0.05,0.9607776116214484,2.030010461807251
10,50,32,0.1,40,4,2500,64,0.01,0.9869281045751634,1.9378440380096436
10,50,32,0.1,40,4,2500,64,0.001,0.9831910575484626,1.8962948322296143
10,50,32,0.1,40,4,2500,64,0.0001,0.9788353951232908,1.903637409210205
10,50,32,0.1,40,4,2500,128,0.1,0.9698356600770746,1.6036121845245361
10,50,32,0.1,40,4,2500,128,0.05,0.9741626348175118,1.7011854648590088
10,50,32,0.1,40,4,2500,128,0.01,0.9654334441949036,1.6330339908599854
10,50,32,0.1,40,4,2500,128,0.001,0.9742882404951372,1.7146885395050049
10,50,32,0.1,40,4,2500,128,0.0001,0.9359124094749176,1.6188452243804932
10,50,32,0.1,40,4,2500,256,0.1,0.9785219628810244,1.5386862754821777
10,50,32,0.1,40,4,2500,256,0.05,0.96514012303486,1.5348014831542969
10,50,32,0.1,40,4,2500,256,0.01,0.9651553455016882,1.4776647090911865
10,50,32,0.1,40,4,2500,256,0.001,0.9694936979277932,1.4419100284576416
10,50,32,0.1,40,4,2500,256,0.0001,0.9694936979277932,1.4467928409576416
10,50,32,0.1,40,3,2500,32,0.1,0.9825641025641024,2.5945308208465576
10,50,32,0.1,40,3,2500,32,0.05,0.9825641025641024,2.5795466899871826
10,50,32,0.1,40,3,2500,32,0.01,0.978209784234138,2.568723201751709
10,50,32,0.1,40,3,2500,32,0.001,0.9694780489890138,2.5767948627471924
10,50,32,0.1,40,3,2500,32,0.0001,0.9524630544691748,2.550485849380493
10,50,32,0.1,40,3,2500,64,0.1,0.9564251537935748,1.875206470489502
10,50,32,0.1,40,3,2500,64,0.05,0.9698001662745376,1.8842849731445312
10,50,32,0.1,40,3,2500,64,0.01,0.9694989106753812,1.9569315910339355
10,50,32,0.1,40,3,2500,64,0.001,0.978209784234138,1.9483027458190918
10,50,32,0.1,40,3,2500,64,0.0001,0.9651043448511804,1.9296894073486328
10,50,32,0.1,40,3,2500,128,0.1,0.9744191277239012,1.5816359519958496
10,50,32,0.1,40,3,2500,128,0.05,0.978209784234138,1.5726356506347656
10,50,32,0.1,40,3,2500,128,0.01,0.9782135076252724,1.5980656147003174
10,50,32,0.1,40,3,2500,128,0.001,0.9871437172099424,1.6158559322357178
10,50,32,0.1,40,3,2500,128,0.0001,0.93025641025641,1.579517126083374
10,50,32,0.1,40,3,2500,256,0.1,0.9607574915573034,1.4118003845214844
10,50,32,0.1,40,3,2500,256,0.05,0.9738282586383852,1.4147896766662598
10,50,32,0.1,40,3,2500,256,0.01,0.9912820512820512,1.3748254776000977
10,50,32,0.1,40,3,2500,256,0.001,0.9694936979277932,1.3894288539886475
10,50,32,0.1,40,3,2500,256,0.0001,0.943355119825708,1.3840456008911133
10,50,32,0.1,40,2,2500,32,0.1,0.978209784234138,2.5904178619384766
10,50,32,0.1,40,2,2500,32,0.05,0.9653801472974776,2.583249807357788
10,50,32,0.1,40,2,2500,32,0.01,0.96078431372549,2.6056582927703857
10,50,32,0.1,40,2,2500,32,0.001,0.9872356399108904,2.5850844383239746
10,50,32,0.1,40,2,2500,32,0.0001,0.9656377097393432,2.560788631439209
10,50,32,0.1,40,2,2500,64,0.1,0.9651043448511804,1.8817923069000244
10,50,32,0.1,40,2,2500,64,0.05,0.9738550922761448,1.9235191345214844
10,50,32,0.1,40,2,2500,64,0.01,0.98287926135597,1.9596173763275146
10,50,32,0.1,40,2,2500,64,0.001,0.9869258705404828,1.9538702964782715
10,50,32,0.1,40,2,2500,64,0.0001,0.9439078617959707,1.8971288204193115
10,50,32,0.1,40,2,2500,128,0.1,0.9563804310639754,1.6316940784454346
10,50,32,0.1,40,2,2500,128,0.05,0.973846153846154,1.5632939338684082
10,50,32,0.1,40,2,2500,128,0.01,0.9869258705404828,1.5692965984344482
10,50,32,0.1,40,2,2500,128,0.001,0.9698001662745376,1.547912836074829
10,50,32,0.1,40,2,2500,128,0.0001,0.9316420014094432,1.5568506717681885
10,50,32,0.1,40,2,2500,256,0.1,0.9825641025641024,1.3908963203430176
10,50,32,0.1,40,2,2500,256,0.05,0.9566827706755724,1.3707859516143799
10,50,32,0.1,40,2,2500,256,0.01,0.9653801472974776,1.3688466548919678
10,50,32,0.1,40,2,2500,256,0.001,0.973846153846154,1.3627688884735107
10,50,32,0.1,40,2,2500,256,0.0001,0.9526476053608818,1.3510239124298096
10,50,32,0.1,30,21,2500,32,0.1,0.9782135076252724,2.7025279998779297
10,50,32,0.1,30,21,2500,32,0.05,0.953180115489114,2.735239267349243
10,50,32,0.1,30,21,2500,32,0.01,0.9607574915573034,2.7179644107818604
10,50,32,0.1,30,21,2500,32,0.001,0.991285030758715,2.7180376052856445
10,50,32,0.1,30,21,2500,32,0.0001,0.9564102564102566,2.7218902111053467
10,50,32,0.1,30,21,2500,64,0.1,0.9696147700174546,2.070401668548584
10,50,32,0.1,30,21,2500,64,0.05,0.9825641025641024,2.029125928878784
10,50,32,0.1,30,21,2500,64,0.01,0.978209784234138,2.038168430328369
10,50,32,0.1,30,21,2500,64,0.001,0.9609435353088602,2.0623550415039062
10,50,32,0.1,30,21,2500,64,0.0001,0.9694936979277932,2.0749285221099854
10,50,32,0.1,30,21,2500,128,0.1,0.978209784234138,1.7405965328216553
10,50,32,0.1,30,21,2500,128,0.05,0.96078431372549,1.7308969497680664
10,50,32,0.1,30,21,2500,128,0.01,0.9738550922761448,1.7430646419525146
10,50,32,0.1,30,21,2500,128,0.001,0.978209784234138,1.7440695762634277
10,50,32,0.1,30,21,2500,128,0.0001,0.9573240868718595,1.7262485027313232
10,50,32,0.1,30,21,2500,256,0.1,0.9694780489890138,1.5322089195251465
10,50,32,0.1,30,21,2500,256,0.05,0.965475594636414,1.5115268230438232
10,50,32,0.1,30,21,2500,256,0.01,0.9694989106753812,1.5390346050262451
10,50,32,0.1,30,21,2500,256,0.001,0.9785219628810244,1.533383846282959
10,50,32,0.1,30,21,2500,256,0.0001,0.9564644353179386,1.56512451171875
10,50,32,0.1,30,18,2500,32,0.1,0.978209784234138,2.703134298324585
10,50,32,0.1,30,18,2500,32,0.05,0.9785219628810244,2.6639244556427
10,50,32,0.1,30,18,2500,32,0.01,0.9655066557480702,2.7002720832824707
10,50,32,0.1,30,18,2500,32,0.001,0.9744191277239012,2.647578477859497
10,50,32,0.1,30,18,2500,32,0.0001,0.973855092276145,2.6688668727874756
10,50,32,0.1,30,18,2500,64,0.1,0.9915306239454846,2.0141396522521973
10,50,32,0.1,30,18,2500,64,0.05,0.973855092276145,1.9832336902618408
10,50,32,0.1,30,18,2500,64,0.01,0.978209784234138,1.9959800243377686
10,50,32,0.1,30,18,2500,64,0.001,0.965475594636414,2.0527312755584717
10,50,32,0.1,30,18,2500,64,0.0001,0.97419295855202,2.005584239959717
10,50,32,0.1,30,18,2500,128,0.1,0.9738550922761448,1.6386497020721436
10,50,32,0.1,30,18,2500,128,0.05,0.9654334441949036,1.668259859085083
10,50,32,0.1,30,18,2500,128,0.01,0.973855092276145,1.706742525100708
10,300,32,0.1,40,21,2500,32,0.1,0.97419295855202,4.581862926483154
10,300,32,0.1,40,21,2500,32,0.01,0.9694519317160828,4.593918561935425
10,300,32,0.1,40,21,2500,32,0.1,0.9655066557480702,4.594910383224487
10,300,32,0.1,40,21,2500,32,0.01,0.9741626348175118,4.648907423019409
10,300,32,0.1,40,21,2500,32,0.0001,0.9521676557438148,4.6604323387146
10,300,32,0.1,40,21,2500,64,0.1,0.9782135076252724,3.8712127208709717
10,300,32,0.1,40,21,2500,64,0.01,0.9741626348175118,3.9063377380371094
10,300,32,0.1,40,21,2500,64,0.0001,0.9743526789806282,3.9326045513153076
10,300,32,0.1,40,21,2500,128,0.1,0.9694989106753812,3.6161699295043945
10,300,32,0.1,40,21,2500,128,0.01,0.98257006151743,3.557520627975464
10,300,32,0.1,40,21,2500,128,0.0001,0.9284931406083342,3.5802483558654785
10,300,32,0.1,40,21,2500,256,0.1,0.9700557811237516,3.4629054069519043
10,300,32,0.1,40,21,2500,256,0.01,0.9694989106753812,3.4388275146484375
10,300,32,0.1,40,21,2500,256,0.0001,0.9263575897193782,3.4729232788085938
10,300,32,0.1,40,18,2500,32,0.1,0.9743526789806282,4.631183385848999
10,300,32,0.1,40,18,2500,32,0.01,0.973846153846154,4.628824234008789
10,300,32,0.1,40,21,2500,32,0.1,0.960998387794424,4.562113046646118
10,300,32,0.1,40,21,2500,32,0.01,0.9613944855851624,4.644155025482178
10,300,32,0.1,40,21,2500,64,0.1,0.9651043448511804,3.932117462158203
10,300,32,0.1,40,21,2500,64,0.01,0.978209784234138,3.9229915142059326
10,300,32,0.1,40,21,2500,128,0.1,0.9567684227221548,3.5438425540924072
10,300,32,0.1,40,21,2500,128,0.01,0.9738550922761448,3.619572162628174
10,300,32,0.1,40,21,2500,256,0.1,0.9522965737354672,3.3690688610076904
10,300,32,0.1,40,21,2500,256,0.01,0.9698356600770746,3.390939474105835
10,300,32,0.1,40,18,2500,32,0.1,0.9827873605582584,4.543741703033447
10,300,32,0.1,40,18,2500,32,0.01,0.9740092165898616,4.589864492416382
10,300,32,0.1,40,18,2500,64,0.1,0.9655066557480702,3.8726072311401367
10,300,32,0.1,40,18,2500,64,0.01,0.9568203529441204,3.8707668781280518
10,300,32,0.1,40,18,2500,128,0.1,0.9566708654805016,3.5595428943634033
10,300,32,0.1,40,18,2500,128,0.01,0.9785748259822734,3.523611068725586
10,300,32,0.1,40,18,2500,256,0.1,0.978209784234138,3.335160732269287
10,300,32,0.1,40,18,2500,256,0.01,0.973855092276145,3.344656229019165
10,300,32,0.1,40,16,2500,32,0.1,0.973855092276145,4.434680223464966
10,300,32,0.1,40,16,2500,32,0.01,0.9785219628810244,4.486706256866455
10,300,32,0.1,40,16,2500,64,0.1,0.9438150966530549,3.8021860122680664
10,300,32,0.1,40,16,2500,64,0.01,0.9738282586383852,3.8039512634277344
10,300,32,0.1,40,16,2500,128,0.1,0.9658721191768928,3.4412693977355957
10,300,32,0.1,40,16,2500,128,0.01,0.973846153846154,3.456394910812378
10,300,32,0.1,40,16,2500,256,0.1,0.9527331900465732,3.265559673309326
10,300,32,0.1,40,16,2500,256,0.01,0.965688025381873,3.2959768772125244
10,300,32,0.1,40,21,2500,32,0.1,0.9654334441949036,4.626148462295532
10,300,32,0.1,40,21,2500,32,0.01,0.973846153846154,4.56005072593689
10,300,32,0.1,40,21,2500,64,0.1,0.973846153846154,3.8438727855682373
10,300,32,0.1,40,21,2500,64,0.01,0.9608094376991304,3.8582277297973633
10,300,32,0.1,40,21,2500,128,0.1,0.991285030758715,3.5211713314056396
10,300,32,0.1,40,21,2500,128,0.01,0.9786794418784344,3.5558345317840576
10,300,32,0.1,40,21,2500,256,0.1,0.9825641025641024,3.352701425552368
10,300,32,0.1,40,21,2500,256,0.01,0.9695639943741212,3.3495965003967285
10,300,32,0.1,40,18,2500,32,0.1,0.969884651801982,4.454213619232178
10,300,32,0.1,40,18,2500,32,0.01,0.9699633555720892,4.455999135971069
10,300,32,0.1,40,18,2500,64,0.1,0.9566827706755724,3.795346260070801
10,300,32,0.1,40,18,2500,64,0.01,0.9698001662745376,3.8843753337860107
10,300,32,0.1,40,18,2500,128,0.1,0.9782135076252724,3.456721067428589
10,300,32,0.1,40,18,2500,128,0.01,0.9827873605582584,3.5216407775878906
10,300,32,0.1,40,18,2500,256,0.1,0.973846153846154,3.3386478424072266
10,300,32,0.1,40,18,2500,256,0.01,0.9701207981733996,3.2767796516418457
10,300,32,0.1,40,16,2500,32,0.1,0.9651282051282052,4.427775144577026
10,300,32,0.1,40,16,2500,32,0.01,0.9614624244296368,4.455222845077515
10,300,32,0.1,40,16,2500,64,0.1,0.9613944855851624,3.8463428020477295
10,300,32,0.1,40,16,2500,64,0.01,0.982903692623097,3.886200428009033
10,300,32,0.1,40,16,2500,128,0.1,0.978209784234138,3.4403390884399414
10,300,32,0.1,40,16,2500,128,0.01,0.9828496749986098,3.4402263164520264
10,300,32,0.1,40,16,2500,256,0.1,0.9654923365093596,3.2728464603424072
10,300,32,0.1,40,16,2500,256,0.01,0.9614624244296368,3.4906725883483887
10,300,32,0.1,40,9,2500,32,0.1,0.9828496749986098,4.557028293609619
10,300,32,0.1,40,9,2500,32,0.01,0.9654334441949036,4.395056247711182
10,300,32,0.1,40,9,2500,64,0.1,0.9527331900465732,3.786602258682251
10,300,32,0.1,40,9,2500,64,0.01,0.9741626348175118,3.724590301513672
10,300,32,0.1,40,9,2500,128,0.1,0.9825641025641024,3.373349189758301
10,300,32,0.1,40,9,2500,128,0.01,0.9785748259822734,3.3806378841400146
10,300,32,0.1,40,9,2500,256,0.1,0.9658210007047217,3.236778974533081
10,300,32,0.1,40,9,2500,256,0.01,0.973846153846154,3.1654324531555176
10,300,32,0.1,40,6,2500,32,0.1,0.9738550922761448,4.315364360809326
10,300,32,0.1,40,6,2500,32,0.01,0.9657596585381164,4.355220317840576
10,300,32,0.1,40,6,2500,64,0.1,0.957162992046713,3.6446635723114014
10,300,32,0.1,40,6,2500,64,0.01,0.9741626348175118,3.6574530601501465
10,300,32,0.1,40,6,2500,128,0.1,0.9519958926967012,3.3403098583221436
10,300,32,0.1,40,6,2500,128,0.01,0.973855092276145,3.340712070465088
10,300,32,0.1,40,6,2500,256,0.1,0.97419295855202,3.148310899734497
10,300,32,0.1,40,6,2500,256,0.01,0.9611493572731248,3.1252951622009277
10,300,32,0.1,40,3,2500,32,0.1,0.97419295855202,4.2758941650390625
10,300,32,0.1,40,3,2500,32,0.01,0.9869281045751634,4.282317638397217
10,300,32,0.1,40,3,2500,64,0.1,0.978209784234138,3.6113860607147217
10,300,32,0.1,40,3,2500,64,0.01,0.969755034621025,3.623361110687256
10,300,32,0.1,40,3,2500,128,0.1,0.9523676701943266,3.3205511569976807
10,300,32,0.1,40,3,2500,128,0.01,0.9486174555886572,3.302131414413452
10,300,32,0.1,40,3,2500,256,0.1,0.9694780489890138,3.093874931335449
10,300,32,0.1,40,3,2500,256,0.01,0.957024171654728,3.1000823974609375
10,300,32,0.1,40,2,2500,32,0.1,0.9520369341255932,4.218982934951782
10,300,32,0.1,40,2,2500,32,0.01,0.9694519317160828,4.272836685180664
10,300,32,0.1,40,2,2500,64,0.1,0.9825641025641024,3.5751101970672607
10,300,32,0.1,40,2,2500,64,0.01,0.98257006151743,3.6835484504699707
10,300,32,0.1,40,2,2500,128,0.1,0.9869258705404828,3.2292888164520264
10,300,32,0.1,40,2,2500,128,0.01,0.9607389162561576,3.5681986808776855
10,300,32,0.1,40,2,2500,256,0.1,0.973846153846154,3.162926435470581
10,300,32,0.1,40,2,2500,256,0.01,0.9654334441949036,3.219336748123169
10,300,32,0.1,30,21,2500,32,0.1,0.9696867986960864,4.0123045444488525
10,300,32,0.1,40,21,2500,32,0.1,0.9694989106753812,4.647192478179932
10,300,32,0.1,40,21,2500,64,0.1,0.9744790093627302,3.9149529933929443
10,300,32,0.1,40,21,2500,128,0.1,0.9738550922761448,3.5926198959350586
10,300,32,0.1,40,21,2500,256,0.1,0.952804050685874,3.493203639984131
10,300,32,0.1,40,18,2500,32,0.1,0.9701207981733996,4.580211400985718
10,300,32,0.1,40,18,2500,64,0.1,0.9655066557480702,3.9204249382019043
10,300,32,0.1,40,18,2500,128,0.1,0.9616247970549228,3.58717942237854
10,300,32,0.1,40,18,2500,256,0.1,0.9782135076252724,3.4491631984710693
10,300,32,0.1,40,16,2500,32,0.1,0.97419295855202,4.544376373291016
10,300,32,0.1,40,16,2500,64,0.1,0.9694936979277932,3.7622408866882324
10,300,32,0.1,40,16,2500,128,0.1,0.9614624244296368,3.4861154556274414
10,300,32,0.1,40,16,2500,256,0.1,0.98257006151743,3.357391357421875
10,300,32,0.1,40,9,2500,32,0.1,0.9694936979277932,4.711273431777954
10,300,32,0.1,40,9,2500,64,0.1,0.9872082656849744,4.021779298782349
10,300,32,0.1,40,9,2500,128,0.1,0.956922740498058,3.5668163299560547
10,300,32,0.1,40,9,2500,256,0.1,0.9694780489890138,3.3998498916625977
10,300,32,0.1,40,6,2500,32,0.1,0.9607776116214484,4.583828687667847
10,300,32,0.1,40,6,2500,64,0.1,0.978209784234138,3.8393099308013916
10,300,32,0.1,40,6,2500,128,0.1,0.9694780489890138,3.5531702041625977
10,300,32,0.1,40,6,2500,256,0.1,0.9571001893523312,3.2365562915802
10,300,32,0.1,40,3,2500,32,0.1,0.973846153846154,4.4486048221588135
10,300,32,0.1,40,3,2500,64,0.1,0.973846153846154,3.8765454292297363
10,300,32,0.1,40,3,2500,128,0.1,0.9654334441949036,3.732903003692627
10,300,32,0.1,40,3,2500,256,0.1,0.9658210007047217,3.4048709869384766
10,300,32,0.1,40,2,2500,32,0.1,0.9611116509635056,4.535211563110352
10,300,32,0.1,40,2,2500,64,0.1,0.9607574915573034,3.8441362380981445
10,300,32,0.1,40,2,2500,128,0.1,0.973855092276145,3.5231006145477295
10,300,32,0.1,40,2,2500,256,0.1,0.960723912206392,3.225757598876953
10,300,32,0.1,20,18,2500,32,0.1,0.98257006151743,3.989224910736084
10,300,32,0.1,20,18,2500,64,0.1,0.9825641025641024,3.4859719276428223
10,300,32,0.1,20,18,2500,128,0.1,0.9825641025641024,3.089092969894409
10,300,32,0.1,20,18,2500,256,0.1,0.9651282051282052,2.851306915283203
10,300,32,0.1,20,16,2500,32,0.1,0.9956427015250544,4.252798557281494
10,300,32,0.1,20,16,2500,64,0.1,0.9607574915573034,3.5146682262420654
10,300,32,0.1,20,16,2500,128,0.1,0.9607574915573034,2.694957733154297
10,300,32,0.1,20,16,2500,256,0.1,0.978209784234138,2.524141788482666
10,300,32,0.1,20,9,2500,32,0.1,0.9694936979277932,3.9982357025146484
10,300,32,0.1,20,9,2500,64,0.1,0.9694780489890138,3.557227611541748
10,300,32,0.1,20,9,2500,128,0.1,0.9782135076252724,3.2388622760772705
10,300,32,0.1,20,9,2500,256,0.1,0.9520369341255932,2.9111268520355225
10,300,32,0.1,20,6,2500,32,0.1,0.9694780489890138,4.143994331359863
10,300,32,0.1,20,6,2500,64,0.1,0.9869258705404828,3.3328938484191895
10,300,32,0.1,20,6,2500,128,0.1,0.9694989106753812,2.9980592727661133
10,300,32,0.1,20,6,2500,256,0.1,0.9825641025641024,2.8165042400360107
10,300,32,0.1,20,3,2500,32,0.1,0.973855092276145,4.151629686355591
10,300,32,0.1,20,3,2500,64,0.1,0.973855092276145,3.3499324321746826
10,300,32,0.1,20,3,2500,128,0.1,0.96514012303486,2.9174649715423584
10,300,32,0.1,20,3,2500,256,0.1,0.9607776116214484,2.676943302154541
10,300,32,0.1,20,2,2500,32,0.1,0.9740092165898616,4.069259881973267
10,300,32,0.1,20,2,2500,64,0.1,0.9869281045751634,3.2953526973724365
10,300,32,0.1,20,2,2500,128,0.1,0.978209784234138,2.749145030975342
10,300,32,0.1,20,2,2500,256,0.1,0.9825641025641024,2.5407931804656982
10,300,32,0.1,9,9,2500,32,0.1,0.991285030758715,3.4558217525482178
10,300,32,0.1,9,9,2500,64,0.1,0.9956427015250544,2.70682954788208
10,300,32,0.1,9,9,2500,128,0.1,0.9869281045751634,2.311293363571167
10,300,32,0.1,9,9,2500,256,0.1,0.9738282586383852,2.209850549697876
10,300,32,0.1,9,6,2500,32,0.1,0.9563804310639754,3.582785129547119
10,300,32,0.1,9,6,2500,64,0.1,0.9694519317160828,2.7761690616607666
10,300,32,0.1,9,6,2500,128,0.1,0.973846153846154,2.3296585083007812
10,300,32,0.1,9,6,2500,256,0.1,0.9782135076252724,2.1321516036987305
10,300,32,0.1,9,3,2500,32,0.1,0.9607574915573034,3.50050687789917
10,300,32,0.1,9,3,2500,64,0.1,0.96514012303486,2.586209774017334
10,300,32,0.1,9,3,2500,128,0.1,0.9781986064207242,2.202197551727295
10,300,32,0.1,9,3,2500,256,0.1,0.991285030758715,1.972362756729126
10,300,32,0.1,9,2,2500,32,0.1,0.9738550922761448,3.457000970840454
10,300,32,0.1,9,2,2500,64,0.1,0.96514012303486,2.6903226375579834
10,300,32,0.1,9,2,2500,128,0.1,0.9564251537935748,2.197889804840088
10,300,32,0.1,9,2,2500,256,0.1,0.98257006151743,1.9846019744873047
10,300,32,0.1,6,6,2500,32,0.1,0.991285030758715,3.334472179412842
10,300,32,0.1,6,6,2500,64,0.1,0.9869258705404828,2.611149787902832
10,300,32,0.1,6,6,2500,128,0.1,0.98257006151743,2.2513718605041504
10,300,32,0.1,6,6,2500,256,0.1,0.978209784234138,2.040708303451538
10,300,32,0.1,6,3,2500,32,0.1,0.991285030758715,3.3605878353118896
10,300,32,0.1,6,3,2500,64,0.1,0.9788353951232908,2.608802556991577
10,300,32,0.1,6,3,2500,128,0.1,0.978209784234138,2.1854281425476074
10,300,32,0.1,6,3,2500,256,0.1,0.96514012303486,1.9695847034454346
10,300,32,0.1,6,2,2500,32,0.1,0.991285030758715,3.3975768089294434
10,300,32,0.1,6,2,2500,64,0.1,0.9520369341255932,2.6008219718933105
10,300,32,0.1,6,2,2500,128,0.1,0.9869258705404828,2.173844575881958
10,300,32,0.1,6,2,2500,256,0.1,0.96078431372549,1.9594810009002686
10,300,32,0.1,3,3,2500,32,0.1,0.991285030758715,3.2847728729248047
10,300,32,0.1,3,3,2500,64,0.1,0.991285030758715,2.461121082305908
10,300,32,0.1,3,3,2500,128,0.1,0.9738282586383852,2.08135724067688
10,300,32,0.1,3,3,2500,256,0.1,0.98257006151743,1.8453681468963623
10,300,32,0.1,3,2,2500,32,0.1,0.9781986064207242,3.2791686058044434
10,300,32,0.1,3,2,2500,64,0.1,0.9781986064207242,2.3893418312072754
10,300,32,0.1,3,2,2500,128,0.1,0.9869258705404828,1.969871997833252
10,300,32,0.1,3,2,2500,256,0.1,0.9784886815855696,1.7451484203338623
10,300,64,0.1,40,21,2500,32,0.1,0.9827547363031234,5.448003530502319
10,300,64,0.1,40,21,2500,64,0.1,0.9781986064207242,5.0674662590026855
10,300,64,0.1,40,21,2500,128,0.1,0.98287926135597,4.708406686782837
10,300,64,0.1,40,21,2500,256,0.1,0.9869281045751634,4.223469972610474
10,300,64,0.1,40,18,2500,32,0.1,0.9652152243235044,5.428825855255127
10,300,64,0.1,40,18,2500,64,0.1,0.991285030758715,4.3422417640686035
10,300,64,0.1,40,18,2500,128,0.1,0.9781986064207242,3.9329049587249756
10,300,64,0.1,40,18,2500,256,0.1,0.9694936979277932,3.7488415241241455
10,300,64,0.1,40,16,2500,32,0.1,0.9738550922761448,5.088193655014038
10,300,64,0.1,40,16,2500,64,0.1,0.978209784234138,4.230103015899658
10,300,64,0.1,40,16,2500,128,0.1,0.9869258705404828,4.0420448780059814
10,300,64,0.1,40,16,2500,256,0.1,0.9781986064207242,3.7770590782165527
10,300,64,0.1,40,9,2500,32,0.1,0.9825641025641024,5.3033530712127686
10,300,64,0.1,40,9,2500,64,0.1,0.9956427015250544,4.439383029937744
10,300,64,0.1,40,9,2500,128,0.1,0.978209784234138,4.050398111343384
10,300,64,0.1,40,9,2500,256,0.1,0.9825641025641024,3.615868091583252
10,300,64,0.1,40,6,2500,32,0.1,0.98257006151743,5.104065656661987
10,300,64,0.1,40,6,2500,64,0.1,0.9740092165898616,4.354299306869507
10,300,64,0.1,40,6,2500,128,0.1,0.9869258705404828,3.8071186542510986
10,300,64,0.1,40,6,2500,256,0.1,0.991285030758715,3.6004879474639893
10,300,64,0.1,40,3,2500,32,0.1,0.9562757201646092,4.946615934371948
10,300,64,0.1,40,3,2500,64,0.1,0.9607776116214484,4.290581703186035
10,300,64,0.1,40,3,2500,128,0.1,0.9825641025641024,3.8477418422698975
10,300,64,0.1,40,3,2500,256,0.1,0.98257006151743,3.848207712173462
10,300,64,0.1,40,2,2500,32,0.1,0.973855092276145,5.101581573486328
10,300,64,0.1,40,2,2500,64,0.1,0.9786652236652236,4.246952772140503
10,300,64,0.1,40,2,2500,128,0.1,0.973855092276145,3.8360509872436523
10,300,64,0.1,40,2,2500,256,0.1,0.973846153846154,3.5921154022216797
10,300,64,0.1,20,18,2500,32,0.1,0.973846153846154,4.3013975620269775
10,300,64,0.1,20,18,2500,64,0.1,0.991285030758715,3.5567855834960938
10,300,64,0.1,20,18,2500,128,0.1,0.9869281045751634,3.144334554672241
10,300,64,0.1,20,18,2500,256,0.1,0.9651282051282052,2.909742593765259
10,300,64,0.1,20,16,2500,32,0.1,0.9564251537935748,4.429709434509277
10,300,64,0.1,20,16,2500,64,0.1,0.98257006151743,3.546924591064453
10,300,64,0.1,20,16,2500,128,0.1,0.973846153846154,3.1052305698394775
10,300,64,0.1,20,16,2500,256,0.1,0.978209784234138,2.8656468391418457
10,300,64,0.1,20,9,2500,32,0.1,0.9869281045751634,4.182032346725464
10,300,64,0.1,20,9,2500,64,0.1,0.9782135076252724,3.279479503631592
10,300,64,0.1,20,9,2500,128,0.1,0.96078431372549,2.925265073776245
10,300,64,0.1,20,9,2500,256,0.1,0.978209784234138,2.5917279720306396
10,300,64,0.1,20,6,2500,32,0.1,0.9869281045751634,3.9273927211761475
10,300,64,0.1,20,6,2500,64,0.1,0.991285030758715,3.1786551475524902
10,300,64,0.1,20,6,2500,128,0.1,0.9869258705404828,2.659663438796997
10,300,64,0.1,20,6,2500,256,0.1,0.9694780489890138,2.4228076934814453
10,300,64,0.1,20,3,2500,32,0.1,0.973846153846154,3.7330703735351562
10,300,64,0.1,20,3,2500,64,0.1,0.991285030758715,2.9194910526275635
10,300,64,0.1,20,3,2500,128,0.1,0.9782135076252724,2.51822566986084
10,300,64,0.1,20,3,2500,256,0.1,0.9694936979277932,2.3094770908355713
10,300,64,0.1,20,2,2500,32,0.1,0.978209784234138,3.7113146781921387
10,300,64,0.1,20,2,2500,64,0.1,0.9698356600770746,2.9084925651550293
10,300,64,0.1,20,2,2500,128,0.1,0.9694936979277932,2.5583181381225586
10,300,64,0.1,20,2,2500,256,0.1,0.9869258705404828,2.324190378189087
10,300,64,0.1,9,9,2500,32,0.1,0.991285030758715,3.29437518119812
10,300,64,0.1,9,9,2500,64,0.1,0.9956427015250544,2.5447325706481934
10,300,64,0.1,9,9,2500,128,0.1,0.991285030758715,2.170504093170166
10,300,64,0.1,9,9,2500,256,0.1,0.991285030758715,1.9609403610229492
10,300,64,0.1,9,6,2500,32,0.1,0.978209784234138,3.273729085922241
10,300,64,0.1,9,6,2500,64,0.1,0.9781986064207242,2.503176212310791
10,300,64,0.1,9,6,2500,128,0.1,0.9432678731870108,2.102609157562256
10,300,64,0.1,9,6,2500,256,0.1,0.991285030758715,1.9073987007141113
10,300,64,0.1,9,3,2500,32,0.1,0.978209784234138,3.219600200653076
10,300,64,0.1,9,3,2500,64,0.1,0.9520615253151036,2.4720935821533203
10,300,64,0.1,9,3,2500,128,0.1,0.96514012303486,2.1102774143218994
10,300,64,0.1,9,3,2500,256,0.1,0.9564251537935748,1.845618724822998
10,300,64,0.1,9,2,2500,32,0.1,0.9564102564102566,3.2043330669403076
10,300,64,0.1,9,2,2500,64,0.1,0.978209784234138,2.3295865058898926
10,300,64,0.1,9,2,2500,128,0.1,0.973855092276145,2.1272923946380615
10,300,64,0.1,9,2,2500,256,0.1,0.973855092276145,1.8171005249023438
10,300,64,0.1,6,6,2500,32,0.1,0.991285030758715,3.146657705307007
10,300,64,0.1,6,6,2500,64,0.1,0.9869281045751634,2.32004714012146
10,300,64,0.1,6,6,2500,128,0.1,0.991285030758715,1.9469289779663086
10,300,64,0.1,6,6,2500,256,0.1,0.9869281045751634,1.6878647804260254
10,300,64,0.1,6,3,2500,32,0.1,0.978209784234138,3.141903877258301
10,300,64,0.1,6,3,2500,64,0.1,0.9564102564102566,2.1903867721557617
10,300,64,0.1,6,3,2500,128,0.1,0.98257006151743,1.8712449073791504
10,300,64,0.1,6,3,2500,256,0.1,0.9694989106753812,1.669147253036499
10,300,64,0.1,6,2,2500,32,0.1,0.9564251537935748,2.986933469772339
10,300,64,0.1,6,2,2500,64,0.1,0.9651282051282052,2.1971435546875
10,300,64,0.1,6,2,2500,128,0.1,0.978209784234138,1.8044323921203613
10,300,64,0.1,6,2,2500,256,0.1,0.973855092276145,1.5961246490478516
10,300,64,0.1,3,3,2500,32,0.1,0.9869258705404828,2.8087472915649414
10,300,64,0.1,3,3,2500,64,0.1,0.9869281045751634,2.0887880325317383
10,300,64,0.1,3,3,2500,128,0.1,0.9956427015250544,1.7170138359069824
10,300,64,0.1,3,3,2500,256,0.1,0.991285030758715,1.516850471496582
10,300,64,0.1,3,2,2500,32,0.1,0.9869258705404828,2.7951648235321045
10,300,64,0.1,3,2,2500,64,0.1,0.978209784234138,2.157877206802368
10,300,64,0.1,3,2,2500,128,0.1,0.9869258705404828,1.8393604755401611
10,300,64,0.1,3,2,2500,256,0.1,0.991285030758715,1.671032428741455
10,300,128,0.1,40,21,2500,32,0.1,0.9694519317160828,4.890353441238403
10,300,128,0.1,40,21,2500,64,0.1,0.9694936979277932,4.100867748260498
10,300,128,0.1,40,21,2500,128,0.1,0.9741626348175118,3.7091097831726074
10,300,128,0.1,40,21,2500,256,0.1,0.98257006151743,3.454273223876953
10,300,128,0.1,40,18,2500,32,0.1,0.98257006151743,4.861226558685303
10,300,128,0.1,40,18,2500,64,0.1,0.9956427015250544,4.040390491485596
10,300,128,0.1,40,18,2500,128,0.1,0.991285030758715,3.6024699211120605
10,300,128,0.1,40,18,2500,256,0.1,0.9784886815855696,3.306504011154175
10,300,128,0.1,40,16,2500,32,0.1,0.991285030758715,4.6648268699646
10,300,128,0.1,40,16,2500,64,0.1,0.978209784234138,3.8313467502593994
10,300,128,0.1,40,16,2500,128,0.1,0.9956427015250544,3.442627429962158
10,300,128,0.1,40,16,2500,256,0.1,0.991285030758715,3.196906566619873
10,300,128,0.1,40,9,2500,32,0.1,0.9694936979277932,4.465035915374756
10,300,128,0.1,40,9,2500,64,0.1,0.9869258705404828,3.683300256729126
10,300,128,0.1,40,9,2500,128,0.1,0.9869258705404828,3.3307783603668213
10,300,128,0.1,40,9,2500,256,0.1,0.9956427015250544,3.140720844268799
10,300,128,0.1,40,6,2500,32,0.1,0.991285030758715,4.4220640659332275
10,300,128,0.1,40,6,2500,64,0.1,0.9869258705404828,3.6634862422943115
10,300,128,0.1,40,6,2500,128,0.1,0.9782135076252724,3.318450450897217
10,300,128,0.1,40,6,2500,256,0.1,0.9869281045751634,3.1258771419525146
10,300,128,0.1,40,3,2500,32,0.1,0.9782135076252724,4.554761171340942
10,300,128,0.1,40,3,2500,64,0.1,0.9956427015250544,3.9497454166412354
10,300,128,0.1,40,3,2500,128,0.1,0.991285030758715,3.5115926265716553
10,300,128,0.1,40,3,2500,256,0.1,0.991285030758715,3.358293056488037
10,300,128,0.1,40,2,2500,32,0.1,0.98257006151743,4.7108824253082275
10,300,128,0.1,40,2,2500,64,0.1,0.969877888639348,3.9571633338928223
10,300,128,0.1,40,2,2500,128,0.1,0.9956427015250544,3.5437870025634766
10,300,128,0.1,40,2,2500,256,0.1,0.9825641025641024,3.3975489139556885
10,300,128,0.1,20,18,2500,32,0.1,0.991285030758715,4.039292812347412
10,300,128,0.1,20,18,2500,64,0.1,0.9825641025641024,3.2120108604431152
10,300,128,0.1,20,18,2500,128,0.1,0.973855092276145,2.802184820175171
10,300,128,0.1,20,18,2500,256,0.1,0.991285030758715,2.5431711673736572
10,300,128,0.1,20,16,2500,32,0.1,0.9869258705404828,4.154209852218628
10,300,128,0.1,20,16,2500,64,0.1,0.98257006151743,3.1538584232330322
10,300,128,0.1,20,16,2500,128,0.1,0.973846153846154,2.768045663833618
10,300,128,0.1,20,16,2500,256,0.1,0.991285030758715,2.525592565536499
10,300,128,0.1,20,9,2500,32,0.1,0.9738550922761448,3.808563709259033
10,300,128,0.1,20,9,2500,64,0.1,0.9651043448511804,3.0099079608917236
10,300,128,0.1,20,9,2500,128,0.1,0.9655066557480702,2.623842716217041
10,300,128,0.1,20,9,2500,256,0.1,0.9869258705404828,2.3919973373413086
10,300,128,0.1,20,6,2500,32,0.1,0.9871437172099424,3.7272119522094727
10,300,128,0.1,20,6,2500,64,0.1,0.9825641025641024,2.9487760066986084
10,300,128,0.1,20,6,2500,128,0.1,0.9476565172767704,2.6582131385803223
10,300,128,0.1,20,6,2500,256,0.1,0.9782135076252724,2.3750717639923096
10,300,128,0.1,20,3,2500,32,0.1,0.98257006151743,3.766228675842285
10,300,128,0.1,20,3,2500,64,0.1,0.9694780489890138,2.9225826263427734
10,300,128,0.1,20,3,2500,128,0.1,0.991285030758715,2.4251294136047363
10,300,128,0.1,20,3,2500,256,0.1,0.96514012303486,2.2200188636779785
10,300,128,0.1,20,2,2500,32,0.1,0.9825641025641024,3.4861092567443848
10,300,128,0.1,20,2,2500,64,0.1,0.98257006151743,2.760637044906616
10,300,128,0.1,20,2,2500,128,0.1,0.9781986064207242,2.3876919746398926
10,300,128,0.1,20,2,2500,256,0.1,0.973846153846154,2.220123767852783
10,300,128,0.1,9,9,2500,32,0.1,0.9956427015250544,3.230056047439575
10,300,128,0.1,9,9,2500,64,0.1,0.9956419568468275,2.467900276184082
10,300,128,0.1,9,9,2500,128,0.1,0.9956427015250544,2.093651056289673
10,300,128,0.1,9,9,2500,256,0.1,0.991285030758715,1.888979434967041
10,300,128,0.1,9,6,2500,32,0.1,0.9738550922761448,3.2798235416412354
10,300,128,0.1,9,6,2500,64,0.1,0.9651282051282052,2.43461537361145
10,300,128,0.1,9,6,2500,128,0.1,0.991285030758715,2.036302328109741
10,300,128,0.1,9,6,2500,256,0.1,0.9694989106753812,1.8138861656188965
10,300,128,0.1,9,3,2500,32,0.1,0.978209784234138,3.171865940093994
10,300,128,0.1,9,3,2500,64,0.1,0.973846153846154,2.4046146869659424
10,300,128,0.1,9,3,2500,128,0.1,0.9564251537935748,2.0363636016845703
10,300,128,0.1,9,3,2500,256,0.1,0.9869281045751634,1.801358938217163
10,300,128,0.1,9,2,2500,32,0.1,0.943355119825708,3.127148151397705
10,300,128,0.1,9,2,2500,64,0.1,0.9781986064207242,2.3829522132873535
10,300,128,0.1,9,2,2500,128,0.1,0.952069716775599,1.9856736660003662
10,300,128,0.1,9,2,2500,256,0.1,0.991285030758715,1.777489423751831
10,300,128,0.1,6,6,2500,32,0.1,0.9869258705404828,3.1394786834716797
10,300,128,0.1,6,6,2500,64,0.1,0.9869258705404828,2.356079578399658
10,300,128,0.1,6,6,2500,128,0.1,0.991285030758715,1.881333827972412
10,300,128,0.1,6,6,2500,256,0.1,0.991285030758715,1.715430736541748
10,300,128,0.1,6,3,2500,32,0.1,0.98257006151743,3.027401924133301
10,300,128,0.1,6,3,2500,64,0.1,0.9607776116214484,2.2727036476135254
10,300,128,0.1,6,3,2500,128,0.1,0.9869281045751634,1.8867466449737549
10,300,128,0.1,6,3,2500,256,0.1,0.9869258705404828,1.6864709854125977
10,300,128,0.1,6,2,2500,32,0.1,0.973855092276145,2.9829626083374023
10,300,128,0.1,6,2,2500,64,0.1,0.9694989106753812,2.2050139904022217
10,300,128,0.1,6,2,2500,128,0.1,0.9036413603572656,1.7747924327850342
10,300,128,0.1,6,2,2500,256,0.1,0.991285030758715,1.5925233364105225
10,300,128,0.1,3,3,2500,32,0.1,0.991285030758715,2.8402762413024902
10,300,128,0.1,3,3,2500,64,0.1,0.9869258705404828,2.1154096126556396
10,300,128,0.1,3,3,2500,128,0.1,0.991285030758715,1.6877076625823975
10,300,128,0.1,3,3,2500,256,0.1,0.991285030758715,1.4861195087432861
10,300,128,0.1,3,2,2500,32,0.1,0.991285030758715,2.7998297214508057
10,300,128,0.1,3,2,2500,64,0.1,0.991285030758715,2.0457558631896973
10,300,128,0.1,3,2,2500,128,0.1,0.991285030758715,1.6572659015655518
10,300,128,0.1,3,2,2500,256,0.1,0.991285030758715,1.4748921394348145
10,300,256,0.1,40,21,2500,32,0.1,0.9782135076252724,4.567387104034424
10,300,256,0.1,40,21,2500,64,0.1,0.9915655641599198,3.8063085079193115
10,300,256,0.1,40,21,2500,128,0.1,0.9696147700174546,3.447263479232788
10,300,256,0.1,40,21,2500,256,0.1,0.9785748259822734,3.22357439994812
10,300,256,0.1,40,18,2500,32,0.1,0.991285030758715,4.515834331512451
10,300,256,0.1,40,18,2500,64,0.1,0.978209784234138,3.780005931854248
10,300,256,0.1,40,18,2500,128,0.1,0.9825521724255902,3.4244015216827393
10,300,256,0.1,40,18,2500,256,0.1,0.98257006151743,3.167267084121704
10,300,256,0.1,40,16,2500,32,0.1,0.9606768044549154,4.618723154067993
10,300,256,0.1,40,16,2500,64,0.1,0.9912820512820512,3.7400197982788086
10,300,256,0.1,40,16,2500,128,0.1,0.9825641025641024,3.399348735809326
10,300,256,0.1,40,16,2500,256,0.1,0.991285030758715,3.21901535987854
10,300,256,0.1,40,9,2500,32,0.1,0.98257006151743,4.762140989303589
10,300,256,0.1,40,9,2500,64,0.1,0.9869191638524346,3.95159912109375
10,300,256,0.1,40,9,2500,128,0.1,0.9869191638524346,3.636784553527832
10,300,256,0.1,40,9,2500,256,0.1,0.98257006151743,3.4278674125671387
10,300,256,0.1,40,6,2500,32,0.1,0.9956419568468275,4.559601545333862
10,300,256,0.1,40,6,2500,64,0.1,0.9869281045751634,3.7567100524902344
10,300,256,0.1,40,6,2500,128,0.1,0.9869281045751634,3.4078152179718018
10,300,256,0.1,40,6,2500,256,0.1,0.991285030758715,3.1643855571746826
10,300,256,0.1,40,3,2500,32,0.1,0.7232772653282691,4.620720148086548
10,300,256,0.1,40,3,2500,64,0.1,0.9869258705404828,3.745572566986084
10,300,256,0.1,40,3,2500,128,0.1,0.9738013698630136,3.3527672290802
10,300,256,0.1,40,3,2500,256,0.1,0.7728500355366027,3.107790231704712
10,300,256,0.1,40,2,2500,32,0.1,0.9869258705404828,4.498987674713135
10,300,256,0.1,40,2,2500,64,0.1,0.9784886815855696,3.7229065895080566
10,300,256,0.1,40,2,2500,128,0.1,0.9612522426608308,3.3151094913482666
10,300,256,0.1,40,2,2500,256,0.1,0.9869258705404828,3.08139967918396
10,300,256,0.1,20,18,2500,32,0.1,0.991285030758715,3.879833698272705
10,300,256,0.1,20,18,2500,64,0.1,0.991285030758715,3.0975711345672607
10,300,256,0.1,20,18,2500,128,0.1,0.978209784234138,2.8459434509277344
10,300,256,0.1,20,18,2500,256,0.1,0.991285030758715,2.532552480697632
10,300,256,0.1,20,16,2500,32,0.1,0.991285030758715,3.8973758220672607
10,300,256,0.1,20,16,2500,64,0.1,0.9869258705404828,3.049736499786377
10,300,256,0.1,20,16,2500,128,0.1,0.9694780489890138,2.7321791648864746
10,300,256,0.1,20,16,2500,256,0.1,0.9694519317160828,2.492053270339966
10,300,256,0.1,20,9,2500,32,0.1,0.9781986064207242,3.9895310401916504
10,300,256,0.1,20,9,2500,64,0.1,0.973855092276145,3.5449764728546143
10,300,256,0.1,20,9,2500,128,0.1,0.9694780489890138,3.18058443069458
10,300,256,0.1,20,9,2500,256,0.1,0.9651043448511804,2.8972630500793457
10,300,256,0.1,20,6,2500,32,0.1,0.9869258705404828,4.5102620124816895
10,300,256,0.1,20,6,2500,64,0.1,0.9825641025641024,3.5193045139312744
10,300,256,0.1,20,6,2500,128,0.1,0.9388698630136988,3.089266538619995
10,300,256,0.1,20,6,2500,256,0.1,0.991285030758715,2.8359317779541016
10,300,256,0.1,20,3,2500,32,0.1,0.9781986064207242,4.634872674942017
10,300,256,0.1,20,3,2500,64,0.1,0.9651282051282052,3.743891477584839
10,300,256,0.1,20,3,2500,128,0.1,0.9782135076252724,3.3180689811706543
10,300,256,0.1,20,3,2500,256,0.1,0.960723912206392,2.9528772830963135
10,300,256,0.1,20,2,2500,32,0.1,0.98257006151743,4.521742820739746
10,300,256,0.1,20,2,2500,64,0.1,0.9694989106753812,3.524904251098633
10,300,256,0.1,20,2,2500,128,0.1,0.9869258705404828,3.1735095977783203
10,300,256,0.1,20,2,2500,256,0.1,0.98257006151743,2.768181324005127
10,300,256,0.1,9,9,2500,32,0.1,0.9956427015250544,4.192469120025635
10,300,256,0.1,9,9,2500,64,0.1,1.0,3.3614614009857178
10,300,256,0.1,9,9,2500,128,0.1,0.9956427015250544,2.749363660812378
10,300,256,0.1,9,9,2500,256,0.1,0.991285030758715,2.421417236328125
10,300,256,0.1,9,6,2500,32,0.1,0.9869281045751634,4.020871877670288
10,300,256,0.1,9,6,2500,64,0.1,0.991285030758715,3.0352237224578857
10,300,256,0.1,9,6,2500,128,0.1,0.9607776116214484,2.6150128841400146
10,300,256,0.1,9,6,2500,256,0.1,0.98257006151743,2.312034845352173
10,300,256,0.1,9,3,2500,32,0.1,0.9694989106753812,3.882473945617676
10,300,256,0.1,9,3,2500,64,0.1,0.973846153846154,2.984961986541748
10,300,256,0.1,9,3,2500,128,0.1,0.9519958926967012,2.541883707046509
10,300,256,0.1,9,3,2500,256,0.1,0.9738550922761448,2.2685365676879883
10,300,256,0.1,9,2,2500,32,0.1,0.9564102564102562,3.9521515369415283
10,300,256,0.1,9,2,2500,64,0.1,0.991285030758715,2.9297893047332764
10,300,256,0.1,9,2,2500,128,0.1,0.98257006151743,2.501466751098633
10,300,256,0.1,9,2,2500,256,0.1,0.9782135076252724,2.2291698455810547
10,300,256,0.1,6,6,2500,32,0.1,0.991285030758715,3.767448902130127
10,300,256,0.1,6,6,2500,64,0.1,0.991285030758715,2.891470432281494
10,300,256,0.1,6,6,2500,128,0.1,0.991285030758715,2.4018123149871826
10,300,256,0.1,6,6,2500,256,0.1,0.991285030758715,2.112391710281372
10,300,256,0.1,6,3,2500,32,0.1,0.991285030758715,3.66632342338562
10,300,256,0.1,6,3,2500,64,0.1,0.991285030758715,2.8200998306274414
10,300,256,0.1,6,3,2500,128,0.1,0.9869281045751634,2.4933271408081055
10,300,256,0.1,6,3,2500,256,0.1,0.991285030758715,2.0710926055908203
10,300,256,0.1,6,2,2500,32,0.1,0.973846153846154,3.76981258392334
10,300,256,0.1,6,2,2500,64,0.1,0.991285030758715,2.814655065536499
10,300,256,0.1,6,2,2500,128,0.1,0.9782135076252724,2.355987548828125
10,300,256,0.1,6,2,2500,256,0.1,0.9956427015250544,2.060271739959717
10,300,256,0.1,3,3,2500,32,0.1,0.991285030758715,3.556370496749878
10,300,256,0.1,3,3,2500,64,0.1,0.991285030758715,2.6549594402313232
10,300,256,0.1,3,3,2500,128,0.1,0.991285030758715,2.185434103012085
10,300,256,0.1,3,3,2500,256,0.1,0.991285030758715,1.9376494884490967
10,300,256,0.1,3,2,2500,32,0.1,0.991285030758715,3.5728976726531982
10,300,256,0.1,3,2,2500,64,0.1,0.991285030758715,2.6690547466278076
10,300,256,0.1,3,2,2500,128,0.1,0.991285030758715,2.175241470336914
10,300,256,0.1,3,2,2500,256,0.1,0.991285030758715,1.9138400554656982
